Vb,param_d,Sw,So,G,H,Reserve
5000.0,0.10547585678193394,0.10547585678193394,0.8945241432180661,1.2,0.15,457482.95865202433
5000.0,0.10774403092662367,0.10774403092662367,0.8922559690733763,1.2,0.15,466135.81635417836
5187.299106875915,0.10948446216128019,0.10948446216128019,0.8905155378387198,1.2,0.15053514030535975,492200.1054281825
5709.803377734283,0.11095171356386788,0.11095171356386788,0.8890482864361321,1.2,0.15202800965066937,553570.1392973714
6124.697058703661,0.11224438799945753,0.11224438799945753,0.8877556120005424,1.2,0.15321342016772477,604516.2947046411
6470.319132163933,0.11341305502029689,0.11341305502029689,0.8865869449797031,1.2,0.15420091180618267,648582.9890895092
6767.437438060899,0.11448775526000364,0.11448775526000364,0.8855122447399963,1.2,0.15504982125160258,687729.509926463
7028.6082692759555,0.11548806185324734,0.11548806185324734,0.8845119381467527,1.2,0.15579602362650274,723161.0542685097
7262.02064873434,0.11642757034580181,0.11642757034580181,0.8835724296541982,1.2,0.156462916139241,755675.6348101384
7473.320778141408,0.1173161795717912,0.1173161795717912,0.8826838204282088,1.2,0.15706663079468974,785831.0027976288
7666.571273277657,0.11816136235139783,0.11816136235139783,0.8818386376486022,1.2,0.1576187750665076,814033.4812550377
7844.795786736084,0.11896892432256037,0.11896892432256037,0.8810310756774397,1.2,0.1581279879621031,840588.9540799325
8010.307352353802,0.11974348240436004,0.11974348240436004,0.8802565175956399,1.2,0.1586008781495823,865733.9135243807
8164.916127198372,0.1204887799770393,0.1204887799770393,0.8795112200229607,1.2,0.15904261750628107,889655.2846431213
8310.066153638301,0.12120790212264708,0.12120790212264708,0.8787920978773529,1.2,0.15945733186753802,912503.5880165613
8446.928440132062,0.12190342712773575,0.12190342712773575,0.8780965728722643,1.2,0.1598483669718059,934401.970212188
8576.466131520916,0.12257753590266843,0.12257753590266843,0.8774224640973316,1.2,0.16021847466148834,955452.5742231593
8699.481264387177,0.12323209277987099,0.12323209277987099,0.876767907220129,1.2,0.16056994646967765,975741.14253337
8816.649030911063,0.12386870634175187,0.12386870634175187,0.8761312936582482,1.2,0.16090471151688876,995340.413334886
8928.543361590528,0.12448877599891506,0.12448877599891506,0.8755112240010849,1.2,0.16122440960454437,1014312.6727251568
9035.656344749204,0.12509352819794956,0.12509352819794956,0.8749064718020505,1.2,0.16153044669928346,1032711.7040718481
9138.413186718662,0.12568404494851895,0.12568404494851895,0.8743159550514811,1.2,0.16182403767633904,1050584.2986854692
9237.183890369784,0.12626128657194452,0.12626128657194452,0.8737387134280554,1.2,0.16210623968677082,1067971.4418657997
9332.292481543942,0.12682611004059374,0.12682611004059377,0.8731738899594063,1.2,0.16237797851869698,1084909.2550895019
9424.024377786332,0.12737928390966968,0.12737928390966968,0.8726207160903303,1.2,0.1626400696508181,1101429.7525023103
9512.632331938137,0.12792150058472054,0.12792150058472054,0.8720784994152795,1.2,0.16289323523410898,1117561.454247296
9598.341269834755,0.12845338648384055,0.12845338648384058,0.8715466135161594,1.2,0.1631381179138136,1133329.8881662749
9681.352260786813,0.12897551052000727,0.12897551052000727,0.8710244894799928,1.2,0.1633752921736766,1148758.0035589035
9761.845801408646,0.12948839123097944,0.12948839123097944,0.8705116087690206,1.2,0.16360527371831043,1163866.514995954
9839.984550892943,0.12999250281132865,0.12999250281132865,0.8700074971886713,1.2,0.16382852728826555,1178674.1900093232
9915.915624421852,0.13048828024641285,0.13048828024641285,0.8695117197535871,1.2,0.16404547321263388,1193198.0913817405
9989.772527913134,0.13097612370649467,0.13097612370649467,0.8690238762935053,1.2,0.16425649293689468,1207453.7824316942
10061.67679954755,0.1314564023272896,0.1314564023272896,0.8685435976727104,1.2,0.164461933712993,1221455.501923582
10131.739409976983,0.13192945747851917,0.13192945747851917,0.8680705425214809,1.2,0.16466211259993424,1235216.3138807893
10200.061962683732,0.1323956056027483,0.1323956056027483,0.8676043943972517,1.2,0.1648573198933821,1248748.2365345568
10266.737727862821,0.13285514069160362,0.13285514069160362,0.8671448593083964,1.2,0.16504782207960805,1262062.3538272665
10331.852536862067,0.13330833645442713,0.13330833645442713,0.8666916635455728,1.2,0.1652338643910345,1275168.9122494205
10395.485559218021,0.1337554482248062,0.1337554482248062,0.8662445517751938,1.2,0.16541567302633722,1288077.405283793
10457.709980359003,0.13419671464269373,0.13419671464269373,0.8658032853573063,1.2,0.16559345708674,1300796.6473273323
10518.593594876222,0.1346323591435824,0.1346323591435824,0.8653676408564176,1.2,0.16576741027107494,1313334.8386383755
10578.19932771486,0.13506259128111223,0.13506259128111223,0.8649374087188878,1.2,0.1659377123648996,1325699.6225961715
10636.58569357477,0.13548760790533196,0.13548760790533196,0.864512392094668,1.2,0.16610453055307078,1337898.1363482662
10693.80720313341,0.13590759421541398,0.13590759421541398,0.864092405784586,1.2,0.16626802058038118,1349937.0557488352
10749.914723331913,0.13632272470279566,0.13632272470279566,0.8636772752972044,1.2,0.16642832778094835,1361822.6353495435
10804.955797838462,0.13673316399837257,0.13673316399837257,0.8632668360016275,1.2,0.1665855879938242,1373560.7440879582
10858.974932872059,0.1371390676354104,0.1371390676354104,0.8628609323645896,1.2,0.16673992837963447,1385156.897221924
10912.013852798309,0.13754058273820263,0.13754058273820266,0.8624594172617973,1.2,0.16689146815085232,1396616.2849780673
10964.111729265214,0.13793784864512076,0.13793784864512076,0.8620621513548792,1.2,0.16704031922647206,1407943.7983154175
11015.30540493924,0.13833099747353755,0.13833099747353755,0.8616690025264624,1.2,0.16718658687125498,1419144.0548784132
11065.629499763447,0.13872015463311832,0.13872015463311832,0.8612798453668817,1.2,0.16733036999932416,1430221.4078594726
11115.116717599925,0.13910543929313218,0.13910543929313218,0.8608945607068679,1.2,0.16747176205028552,1441179.986293521
11163.797882043025,0.13948696480872008,0.13948696480872008,0.86051303519128,1.2,0.1676108510915515,1452023.6946176118
11211.702112453957,0.13986483911044104,0.13986483911044104,0.860135160889559,1.2,0.16774772032129703,1462756.234254512
11258.856948320548,0.14023916506089062,0.14023916506089062,0.8597608349391094,1.2,0.167882448423773,1473381.1178395692
11305.28846243906,0.14061004078173098,0.14061004078173098,0.859389959218269,1.2,0.16801510989268303,1483901.682206455
11351.021364115353,0.1409775599540786,0.1409775599540786,0.8590224400459214,1.2,0.16814577532604388,1494321.1002621655
11396.079093414985,0.1413418120948557,0.1413418120948557,0.8586581879051443,1.2,0.1682745116954714,1504642.391862695
11440.48390737671,0.14170288281141497,0.14170288281141497,0.858297117188585,1.2,0.1684013825925049,1514868.4337889377
11484.256958991764,0.14206085403648933,0.14206085403648933,0.8579391459635106,1.2,0.16852644845426218,1525001.9689101607
11527.418369699886,0.14241580424529415,0.14241580424529415,0.8575841957547059,1.2,0.1686497667705711,1535045.6146190737
11569.987295974714,0.14276780865641078,0.14276780865641078,0.8572321913435892,1.2,0.16877139227421348,1545001.8705983914
11611.981990632094,0.1431169394179088,0.1431169394179088,0.8568830605820912,1.2,0.1688913771160917,1554873.125992084
11653.419859295669,0.14346326578001092,0.14346326578001092,0.8565367342199891,1.2,0.16900977102655906,1564661.6660259906
11694.31751251747,0.1438068542554715,0.1438068542554715,0.8561931457445285,1.2,0.16912662146433563,1574369.6781353618
11734.69081393152,0.14414776876872004,0.14414776876872004,0.85585223123128,1.2,0.16924197375409006,1583999.2576402354
11774.554924789232,0.1444860707947176,0.1444860707947176,0.8555139292052825,1.2,0.16935587121368353,1593552.4130069965
11813.924345219288,0.1448218194883795,0.1448218194883795,0.8551781805116205,1.2,0.16946835527205512,1603031.07073543
11852.81295248324,0.14515507180533688,0.14515507180533688,0.8548449281946631,1.2,0.16957946557852355,1612437.0799007697
11891.234036481299,0.14548588261473422,0.14548588261473422,0.8545141173852657,1.2,0.16968924010423228,1621772.2163789955
11929.20033276941,0.14581430480469645,0.14581430480469645,0.8541856951953035,1.2,0.16979771523648404,1631038.186786132
11966.724053260914,0.14614038938103885,0.14614038938103885,0.8538596106189611,1.2,0.16990492586645978,1640236.6321491594
12003.816914823023,0.146464185559742,0.146464185559742,0.8535358144402581,1.2,0.17001090547092293,1649369.1313332596
12040.490165943505,0.14678574085366594,0.14678574085366597,0.8532142591463341,1.2,0.17011568618841003,1658437.204245391
12076.754611613194,0.14710510115393702,0.14710510115393702,0.852894898846063,1.2,0.17021929889032342,1667442.3148301756
12112.620636566644,0.14742231080640095,0.14742231080640095,0.852577689193599,1.2,0.17032177324733327,1676385.8738742853
12148.09822701314,0.14773741268350374,0.14773741268350374,0.8522625873164963,1.2,0.17042313779146612,1685269.2416345477
12183.19699097845,0.14805044825192992,0.14805044825192992,0.8519495517480701,1.2,0.17052341997422416,1694093.7303036905
12217.92617734789,0.14836145763630007,0.14836145763630007,0.8516385423637,1.2,0.170622646220994,1702860.6063232273
12252.294693728029,0.1486704796792049,0.1486704796792049,0.8513295203207951,1.2,0.1707208419820801,1711571.092557957
12286.311123203253,0.14897755199783008,0.14897755199783008,0.85102244800217,1.2,0.17081803178058075,1720226.370340188
12319.98374006711,0.14928271103740542,0.14928271103740542,0.8507172889625946,1.2,0.17091423925733462,1728827.5813927779
12353.320524609882,0.14958599212169355,0.14958599212169355,0.8504140078783065,1.2,0.1710094872131711,1737375.8296407661
12386.329177027237,0.14988742950071599,0.14988742950071599,0.850112570499284,1.2,0.17110379764864925,1745872.1829189023
12419.017130507827,0.1501870563958991,0.1501870563958991,0.8498129436041009,1.2,0.17119719180145093,1754317.6745815196
12451.391563565518,0.1504849050428087,0.1504849050428087,0.8495150949571912,1.2,0.17128969018161577,1762713.3050228083
12483.459411658101,0.15078100673162814,0.15078100673162814,0.8492189932683718,1.2,0.17138131260473743,1771060.0431117571
12515.227378152884,0.15107539184552493,0.15107539184552493,0.848924608154475,1.2,0.17147207822329397,1779358.8275494296
12546.70194467412,0.15136808989703787,0.15136808989703787,0.8486319101029621,1.2,0.1715620055562118,1787610.568152123
12577.88938087557,0.15165912956260894,0.15165912956260894,0.848340870437391,1.2,0.17165111251678736,1795816.14706557
12608.795753683456,0.1519485387153736,0.1519485387153736,0.8480514612846264,1.2,0.1717394164390956,1803976.4199158791
12639.426936029731,0.15223634445631623,0.15223634445631626,0.8477636555436837,1.2,0.17182693410294209,1812092.2168987012
12669.788615125386,0.15252257314388903,0.15252257314388903,0.8474774268561109,1.2,0.1719136817575011,1820164.3438134212
12699.88630028686,0.15280725042218563,0.15280725042218563,0.8471927495778144,1.2,0.17199967514367676,1828193.5830429539
12729.725330361505,0.15309040124775547,0.15309040124775547,0.8469095987522446,1.2,0.1720849295153186,1836180.6944855773
12759.310880758489,0.1533720499151375,0.1533720499151375,0.8466279500848625,1.2,0.17216945965930996,1844126.4164384669
12788.64797012515,0.1536522200811875,0.1536522200811875,0.8463477799188125,1.2,0.1722532799146433,1852031.4664385593
12817.741466678573,0.15393093478826814,0.15393093478826816,0.8460690652117319,1.2,0.17233640419051022,1859896.542061197
12846.596094224951,0.15420821648636565,0.15420821648636565,0.8457917835136344,1.2,0.17241884598349988,1867722.3216811013
12875.216437874155,0.1544840870541935,0.1544840870541935,0.8455159129458065,1.2,0.17250061839392616,1875509.4651958696
12903.606949474777,0.15475856781933936,0.15475856781933936,0.8452414321806606,1.2,0.17258173414135652,1883258.6147154458
12931.771952782534,0.15503167957750735,0.15503167957750735,0.8449683204224927,1.2,0.17266220557937867,1890970.3952188566
12959.715648382713,0.15530344261090526,0.15530344261090526,0.8446965573890948,1.2,0.1727420447096649,1898645.4151810077
12987.44211837192,0.15557387670582234,0.15557387670582234,0.8444261232941777,1.2,0.17282126319534835,1906284.267169619
13014.955330823252,0.15584300116944105,0.15584300116944105,0.844156998830559,1.2,0.17289987237378074,1913887.528415811
13042.25914403712,0.156110834845923,0.156110834845923,0.843889165154077,1.2,0.1729778832686775,1921455.7613580022
13069.357310597916,0.15637739613180712,0.15637739613180712,0.8436226038681929,1.2,0.17305530660170834,1928989.5141620361
13096.253481243362,0.15664270299075558,0.15664270299075558,0.8433572970092444,1.2,0.17313215280355249,1936489.3212181148
13122.951208556131,0.15690677296768113,0.15690677296768113,0.8430932270323188,1.2,0.1732084320244461,1943955.7036156538
13149.453950490511,0.15716962320228683,0.15716962320228683,0.8428303767977132,1.2,0.17328415414425863,1951389.1695977817
13175.76507373904,0.15743127044204844,0.15743127044204844,0.8425687295579516,1.2,0.17335932878211155,1958790.2149958382
13201.88785695196,0.15769173105466638,0.15769173105466638,0.8423082689453336,1.2,0.17343396530557703,1966159.3236456832
13227.825493813589,0.15795102104001457,0.15795102104001457,0.8420489789599854,1.2,0.1735080728394674,1973496.9677860853
13253.581095985974,0.15820915604160968,0.15820915604160968,0.8417908439583903,1.2,0.17358166027424565,1980803.608440625
13279.157695923357,0.15846615135762498,0.15846615135762498,0.841533848642375,1.2,0.17365473627406675,1988079.695783322
13304.558249568698,0.15872202195147034,0.15872202195147034,0.8412779780485297,1.2,0.173727309284482,1995325.6694896535
13329.785638935004,0.15897678246195884,0.15897678246195884,0.8410232175380412,1.2,0.1737993875398143,2002541.9590730753
13354.842674576374,0.1592304472130801,0.1592304472130801,0.8407695527869199,1.2,0.17387097907021823,2009728.9842075957
13379.732097958204,0.15948303022339835,0.15948303022339835,0.8405169697766016,1.2,0.173942091708452,2016887.1550377999
13404.456583727808,0.15973454521509287,0.15973454521509287,0.8402654547849071,1.2,0.17401273309636517,2024016.8724762397
13429.018741893968,0.15998500562265727,0.15998500562265727,0.8400149943773427,1.2,0.17408291069112564,2031118.5284894493
13453.421119914488,0.1602344246012733,0.1602344246012733,0.8397655753987268,1.2,0.17415263177118426,2038192.5063721475
13477.666204703546,0.16048281503487358,0.16048281503487358,0.8395171849651264,1.2,0.17422190344201013,2045239.181011523
13501.756424555806,0.16073018954390791,0.16073018954390791,0.8392698104560921,1.2,0.17429073264158804,2052258.9191408046
13525.694150994519,0.16097656049282572,0.16097656049282572,0.8390234395071743,1.2,0.17435912614569865,2059252.0795831962
13549.481700549986,0.16122193999728762,0.16122193999728762,0.8387780600027124,1.2,0.174427090573,2066219.0134871576
13573.121336462516,0.1614663399311179,0.1614663399311179,0.8385336600688821,1.2,0.1744946323898929,2073160.0645517074
13596.615270326607,0.16170977193300903,0.16170977193300903,0.8382902280669909,1.2,0.17456175791521888,2080075.5692446667
13619.96566366665,0.1619522474129893,0.1619522474129893,0.8380477525870107,1.2,0.17462847332476186,2086965.8570118456
13643.174629454048,0.16219377755866332,0.16219377755866332,0.8378062224413367,1.2,0.174694784655583,2093831.2504788348
13666.244233568475,0.16243437334123523,0.16243437334123523,0.8375656266587648,1.2,0.17476069781019565,2100672.0656457343
13689.176496202219,0.16267404552132403,0.16267404552132403,0.837325954478676,1.2,0.17482621856057778,2107488.612074473
13711.973393212966,0.16291280465457925,0.16291280465457925,0.8370871953454208,1.2,0.17489135255203705,2114281.1930695446
13734.636857427497,0.1631506610971057,0.1631506610971057,0.8368493389028944,1.2,0.17495610530693573,2121050.1058525047
13757.168779896188,0.16338762501070497,0.16338762501070497,0.8366123749892951,1.2,0.17502048222827482,2127795.6417300426
13779.571011101254,0.1636237063679412,0.1636237063679412,0.8363762936320588,1.2,0.17508448860314646,2134518.0862560635
13801.845362124828,0.16385891495703836,0.16385891495703836,0.8361410850429616,1.2,0.17514812960607096,2141217.719388802
13823.993605770778,0.1640932603866156,0.1640932603866156,0.8359067396133844,1.2,0.17521141030220222,2147894.8156416877
13846.017477648997,0.1643267520902677,0.1643267520902677,0.8356732479097323,1.2,0.17527433565042572,2154549.6442295103
13867.918677221465,0.16455939933099603,0.16455939933099603,0.8354406006690039,1.2,0.17533691050634706,2161182.4692096324
13889.698868809843,0.16479121120549656,0.16479121120549656,0.8352087887945034,1.2,0.17539913962517098,2167793.5496181105
13911.359682570483,0.16502219664831014,0.16502219664831014,0.8349778033516899,1.2,0.1754610276644871,2174383.139601733
13932.902715433042,0.16525236443584068,0.16525236443584068,0.8347476355641593,1.2,0.17552257918695155,2180951.4885451673
13954.329532008873,0.16548172319024612,0.16548172319024612,0.8345182768097539,1.2,0.1755837986628825,2187498.8411942897
13975.641665467338,0.16571028138320723,0.16571028138320723,0.8342897186167928,1.2,0.17564469047276382,2194025.4377752696
13996.840618382763,0.1659380473395787,0.16593804733957873,0.8340619526604213,1.2,0.17570525890966504,2200531.514109836
14017.927863552866,0.16616502924092735,0.16616502924092738,0.8338349707590726,1.2,0.17576550818157963,2207017.3017268204
14038.904844790031,0.1663912351289613,0.1663912351289613,0.8336087648710386,1.2,0.1758254424136858,2213483.027970146
14059.772977685861,0.16661667290885426,0.16661667290885426,0.8333833270911457,1.2,0.17588506565053105,2219928.916103299
14080.533650350439,0.16684135035246916,0.16684135035246916,0.8331586496475308,1.2,0.17594438185814412,2226355.185410459
14101.188224128784,0.1670652751014844,0.1670652751014844,0.8329347248985156,1.2,0.17600339492608225,2232762.051294738
14121.738034291613,0.16728845467042644,0.16728845467042644,0.8327115453295736,1.2,0.1760621086694046,2239149.7253728737
14142.184390706136,0.16751089644961237,0.16751089644961237,0.8324891035503876,1.2,0.17612052683058896,2245518.415567449
14162.528578483692,0.1677326077080053,0.1677326077080053,0.8322673922919948,1.2,0.17617865308138198,2251868.32619595
14182.771858607448,0.16795359559598586,0.16795359559598588,0.8320464044040141,1.2,0.1762364910245927,2258199.658057239
14202.915468540024,0.16817386714804317,0.1681738671480432,0.8318261328519568,1.2,0.17629404419582864,2264512.6085153567
14222.960622812408,0.16839342928538745,0.16839342928538745,0.8316065707146125,1.2,0.17635131606517832,2270807.37158088
14242.908513593258,0.1686122888184875,0.1686122888184875,0.8313877111815124,1.2,0.1764083100388379,2277084.137989599
14262.760311242202,0.1688304524495357,0.1688304524495357,0.8311695475504643,1.2,0.176465029460692,2283343.095279177
14282.517164844778,0.16904792677484276,0.16904792677484276,0.8309520732251572,1.2,0.17652147761384224,2289584.427863298
14302.180202731259,0.1692647182871648,0.1692647182871648,0.8307352817128352,1.2,0.17657765772208933,2295808.317103674
14321.750532979906,0.16948083337796513,0.16948083337796513,0.8305191666220348,1.2,0.17663357295137116,2302014.9413800137
14341.229243904718,0.16969627833961298,0.16969627833961298,0.830303721660387,1.2,0.17668922641115634,2308204.476157888
14360.617404528923,0.1699110593675211,0.1699110593675211,0.830088940632479,1.2,0.17674462115579692,2314377.094054735
14379.916065043177,0.17012518256222445,0.17012518256222445,0.8298748174377756,1.2,0.17679976018583765,2320532.964903735
14399.126257251875,0.17033865393140218,0.17033865393140218,0.8296613460685978,1.2,0.17685464644929108,2326672.2558162245
14418.24899500452,0.17055147939184417,0.17055147939184417,0.8294485206081559,1.2,0.17690928284287005,2332795.131241974
14437.285274615475,0.17076366477136457,0.17076366477136457,0.8292363352286354,1.2,0.1769636722131871,2338901.7530279895
14456.236075271545,0.1709752158106639,0.1709752158106639,0.8290247841893361,1.2,0.17701781735791872,2344992.2804756914
14475.102359426699,0.17118613816514117,0.17118613816514117,0.8288138618348588,1.2,0.17707172102693344,2351066.8703962765
14493.885073186319,0.1713964374066579,0.1713964374066579,0.8286035625933421,1.2,0.1771253859233895,2357125.6771647525
14512.58514668005,0.17160611902525558,0.17160611902525558,0.8283938809747444,1.2,0.17717881470480015,2363168.852772398
14531.203494424499,0.17181518843082794,0.17181518843082794,0.8281848115691721,1.2,0.17723200998407002,2369196.5468778913
14549.741015674654,0.17202365095474942,0.17202365095474942,0.8279763490452505,1.2,0.17728497433049903,2375208.906856846
14568.19859476617,0.17223151185146152,0.17223151185146152,0.8277684881485385,1.2,0.1773377102707605,2381206.0778501676
14586.577101448438,0.1724387763000182,0.1724387763000182,0.8275612236999819,1.2,0.17739022028985268,2387188.202811183
14604.877391206723,0.17264544940559134,0.17264544940559134,0.8273545505944087,1.2,0.17744250683201923,2393155.422551183
14623.100305577456,0.17285153620093802,0.17285153620093802,0.827148463799062,1.2,0.1774945723016499,2399107.8757841703
14641.24667245323,0.17305704164783048,0.17305704164783048,0.8269429583521695,1.2,0.17754641906415208,2405045.699170108
14659.317306380217,0.17326197063844984,0.17326197063844984,0.8267380293615502,1.2,0.17759804944680063,2410969.027357181
14677.313008847308,0.17346632799674513,0.17346632799674513,0.8265336720032549,1.2,0.17764946573956375,2416877.993022928
14695.234568567295,0.17367011847975805,0.17367011847975805,0.826329881520242,1.2,0.17770067019590657,2422772.726914276
14713.082761750731,0.17387334677891508,0.17387334677891508,0.8261266532210849,1.2,0.17775166503357354,2428653.3578865905
14730.85835237236,0.1740760175212875,0.1740760175212875,0.8259239824787125,1.2,0.17780245243534962,2434520.0129417125
14748.562092429938,0.17427813527082076,0.17427813527082076,0.8257218647291793,1.2,0.17785303454979984,2440372.8172649164
14766.194722197033,0.17447970452953337,0.1744797045295334,0.8255202954704666,1.2,0.17790341349199154,2446211.894261095
14783.756970468867,0.17468072973868726,0.17468072973868726,0.8253192702613128,1.2,0.17795359134419678,2452037.365589987
14801.249554800997,0.1748812152799292,0.1748812152799292,0.8251187847200708,1.2,0.17800357015657428,2457849.351200354
14818.67318174315,0.1750811654764053,0.1750811654764053,0.8249188345235947,1.2,0.17805335194783758,2463647.9693635995
14836.028547065522,0.17528058459384865,0.17528058459384865,0.8247194154061513,1.2,0.1781029387059015,2469433.336706254
14853.316335980275,0.17547947684164122,0.17547947684164125,0.8245205231583588,1.2,0.17815233238851508,2475205.5682418547
14870.537223357096,0.17567784637385045,0.17567784637385045,0.8243221536261496,1.2,0.1782015349238774,2480964.7774020047
14887.691873932854,0.1758756972902415,0.1758756972902415,0.8241243027097584,1.2,0.17825054821123673,2486711.0760665867
14904.780942516258,0.17607303363726606,0.17607303363726606,0.823926966362734,1.2,0.17829937412147503,2492444.574593308
14921.80507418768,0.17626985940902778,0.17626985940902778,0.8237301405909723,1.2,0.1783480144976791,2498165.381846596
14938.764904493011,0.1764661785482256,0.1764661785482256,0.8235338214517745,1.2,0.17839647115569432,2503873.605225619
14955.661059633763,0.1766619949470751,0.1766619949470751,0.8233380050529249,1.2,0.1784447458846679,2509569.3506918414
14972.494156651472,0.176857312448209,0.176857312448209,0.823142687551791,1.2,0.17849284044757563,2515252.722795738
14989.264803608527,0.17705213484555682,0.17705213484555682,0.8229478651544432,1.2,0.17854075658173865,2520923.824703077
15005.973599763176,0.1772464658852049,0.1772464658852049,0.8227535341147951,1.2,0.17858849599932336,2526582.758220293
15022.621135741847,0.17744030926623663,0.17744030926623663,0.8225596907337633,1.2,0.17863606038783386,2532229.623819608
15039.207993706146,0.17763366864155417,0.17763366864155417,0.8223663313584458,1.2,0.178683451410589,2537864.5206633266
15055.734747516057,0.17782654761868139,0.17782654761868139,0.8221734523813187,1.2,0.17873067070718873,2543487.54662762
15072.201962889294,0.1780189497605494,0.1780189497605494,0.8219810502394506,1.2,0.17877771989396943,2549098.798325785
15088.610197557038,0.17821087858626433,0.17821087858626433,0.8217891214137356,1.2,0.17882460056444868,2554698.371131008
15104.96000141549,0.17840233757185836,0.17840233757185836,0.8215976624281416,1.2,0.17887131428975855,2560286.3591985167
15121.251916674077,0.1785933301510242,0.1785933301510242,0.8214066698489758,1.2,0.1789178626190688,2565862.855487273
15137.486478000059,0.17878385971583355,0.17878385971583355,0.8212161402841665,1.2,0.1789642470800002,2571427.9517811663
15153.664212660095,0.17897392961744013,0.17897392961744013,0.8210260703825598,1.2,0.17901046917902885,2576981.738709801
15169.785640657763,0.17916354316676739,0.17916354316676739,0.8208364568332326,1.2,0.17905653040187933,2582524.305768667
15185.851274868477,0.17935270363518116,0.17935270363518116,0.8206472963648188,1.2,0.17910243221390995,2588055.741338981
15201.861621171232,0.17954141425514852,0.17954141425514852,0.8204585857448514,1.2,0.17914817606048924,2593576.1327070897
15217.817178576883,0.1797296782208821,0.1797296782208821,0.8202703217791179,1.2,0.17919376336736254,2599085.5660833484
15233.71843935376,0.17991749868897078,0.1799174986889708,0.8200825013110292,1.2,0.17923919554101075,2604584.1266206442
15249.56588915072,0.1801048787789976,0.1801048787789976,0.8198951212210024,1.2,0.17928447396900207,2610071.898432589
15265.360007116604,0.18029182157414386,0.18029182157414386,0.8197081784258562,1.2,0.17932960002033316,2615548.9646111317
15281.101266017697,0.18047833012178127,0.18047833012178127,0.8195216698782187,1.2,0.17937457504576487,2621015.407243959
15296.790132352373,0.18066440743405146,0.1806644074340515,0.8193355925659485,1.2,0.17941940037814963,2626471.307431471
15312.427066462747,0.18085005648843364,0.18085005648843364,0.8191499435115663,1.2,0.17946407733275072,2631916.745303317
15328.012522644429,0.18103528022830034,0.18103528022830034,0.8189647197716996,1.2,0.17950860720755552,2637351.8000346874
15343.546949253443,0.18122008156346195,0.18122008156346198,0.8187799184365381,1.2,0.17955299128358126,2642776.549862194
15359.030788810898,0.18140446337070015,0.18140446337070018,0.8185955366292998,1.2,0.179597230825174,2648191.0720994305
15374.4644781053,0.18158842849429027,0.18158842849429027,0.8184115715057098,1.2,0.17964132708030087,2653595.4431521944
15389.848448292812,0.1817719797465132,0.1817719797465132,0.8182280202534868,1.2,0.1796852812808366,2658989.7385334335
15405.1831249949,0.18195511990815716,0.18195511990815716,0.8180448800918428,1.2,0.1797290946428426,2664374.032877787
15420.468928394406,0.18213785172900904,0.18213785172900904,0.8178621482709909,1.2,0.17977276836684117,2669748.399955951
15435.706273328991,0.18232017792833616,0.18232017792833616,0.8176798220716639,1.2,0.17981630363808285,2675112.9126886153
15450.895569382978,0.18250210119535853,0.18250210119535853,0.8174978988046415,1.2,0.17985970162680853,2680467.643160211
15466.037220977007,0.1826836241897114,0.1826836241897114,0.8173163758102886,1.2,0.17990296348850573,2685812.6626323313
15481.131627455865,0.18286474954189919,0.18286474954189919,0.8171352504581009,1.2,0.17994609036415962,2691148.0415568966
15496.179183174296,0.18304547985373998,0.18304547985373998,0.81695452014626,1.2,0.17998908338049802,2696473.849589012
15511.180277581363,0.18322581769880175,0.18322581769880175,0.8167741823011982,1.2,0.18003194365023248,2701790.1555996547
15526.135295302363,0.1834057656228299,0.1834057656228299,0.8165942343771702,1.2,0.18007467227229249,2707097.027687956
15541.044616219828,0.1835853261441665,0.1835853261441665,0.8164146738558336,1.2,0.18011727033205666,2712394.5331934164
15555.908615552213,0.1837645017541616,0.1837645017541616,0.8162354982458384,1.2,0.18015973890157777,2717682.738707738
15570.727663931171,0.1839432949175763,0.1839432949175763,0.8160567050824237,1.2,0.18020207903980334,2722961.7100864644
15585.502127477219,0.18412170807297867,0.18412170807297867,0.8158782919270213,1.2,0.18024429179279206,2728231.512460412
15600.232367873936,0.1842997436331315,0.1842997436331315,0.8157002563668685,1.2,0.18028637819392554,2733492.210246867
15614.91874244043,0.1844774039853732,0.1844774039853732,0.8155225960146268,1.2,0.1803283392641155,2738743.86716054
15629.561604202388,0.18465469149199115,0.18465469149199115,0.8153453085080089,1.2,0.18037017601200683,2743986.5462243087
15644.161301961867,0.18483160849058827,0.18483160849058827,0.8151683915094117,1.2,0.18041188943417677,2749220.309779799
15658.718180365322,0.18500815729444264,0.18500815729444264,0.8149918427055574,1.2,0.1804534805153295,2754445.219497687
15673.232579970609,0.1851843401928603,0.1851843401928603,0.8148156598071397,1.2,0.18049495022848747,2759661.336387868
15687.704837312369,0.18536015945152168,0.18536015945152168,0.8146398405484783,1.2,0.18053629953517822,2764868.720809389
15702.135284966202,0.18553561731282153,0.18553561731282156,0.8144643826871785,1.2,0.18057752938561772,2770067.4324801913
15716.52425161167,0.18571071599620265,0.18571071599620265,0.8142892840037974,1.2,0.1806186407188905,2775257.5304867164
15730.872062093818,0.1858854576984833,0.1858854576984833,0.8141145423015167,1.2,0.18065963446312522,2780439.073293253
15745.179037483653,0.18605984459417885,0.18605984459417885,0.8139401554058212,1.2,0.1807005115356676,2785612.118751171
15759.445495137403,0.18623387883581757,0.18623387883581757,0.8137661211641825,1.2,0.18074127284324973,2790776.7241079584
15773.67174875445,0.18640756255425053,0.18640756255425053,0.8135924374457495,1.2,0.1807819192821556,2795932.946016063
15787.858108434422,0.18658089785895599,0.18658089785895599,0.813419102141044,1.2,0.18082245173838407,2801080.840541624
15802.004880732871,0.18675388683833838,0.18675388683833838,0.8132461131616616,1.2,0.1808628710878082,2806220.4631729894
15816.112368716138,0.18692653156002184,0.18692653156002184,0.8130734684399782,1.2,0.18090317819633184,2811351.868829119
15830.180872014887,0.18709883407113853,0.18709883407113856,0.8129011659288614,1.2,0.18094337392004256,2816475.111867781
15844.210686876802,0.18727079639861194,0.18727079639861194,0.812729203601388,1.2,0.1809834591053623,2821590.246093644
15858.202106218256,0.18744242054943488,0.18744242054943488,0.8125575794505651,1.2,0.18102343458919504,2826697.324766209
15872.155419674888,0.18761370851094297,0.18761370851094297,0.812386291489057,1.2,0.1810633011990711,2831796.4006075794
15886.070913651325,0.1877846622510831,0.1877846622510831,0.812215337748917,1.2,0.1811030597532895,2836887.525810113
15899.948871369854,0.1879552837186771,0.1879552837186771,0.8120447162813229,1.2,0.18114271106105673,2841970.75204391
15913.789572918311,0.1881255748436811,0.1881255748436811,0.8118744251563189,1.2,0.18118225592262377,2847046.1304641967
15927.593295296949,0.18829553753744005,0.18829553753744008,0.8117044624625599,1.2,0.18122169512941985,2852113.7117185523
15941.36031246441,0.18846517369293828,0.1884651736929383,0.8115348263070616,1.2,0.18126102946418404,2857173.5459540044
15955.090895383051,0.18863448518504516,0.18863448518504516,0.8113655148149548,1.2,0.18130025970109445,2862225.682824035
15968.78531206314,0.18880347387075713,0.18880347387075713,0.8111965261292429,1.2,0.1813393866058947,2867270.1714954125
15982.443827606392,0.18897214158943515,0.18897214158943515,0.8110278584105648,1.2,0.18137841093601828,2872307.0606549266
15996.066704248762,0.1891404901630384,0.1891404901630384,0.8108595098369615,1.2,0.18141733344071076,2877336.398516029
16009.65420140222,0.18930852139635387,0.18930852139635387,0.8106914786036461,1.2,0.18145615486114922,2882358.232825296
16023.206575696026,0.18947623707722208,0.18947623707722208,0.810523762922778,1.2,0.18149487593056007,2887372.6108688433
16036.724081017073,0.189643638976759,0.189643638976759,0.8103563610232409,1.2,0.1815334973743345,2892379.579478588
16050.206968549544,0.18981072884957428,0.18981072884957428,0.8101892711504257,1.2,0.18157201991014157,2897379.1850384125
16063.655486813896,0.18997750843398592,0.18997750843398592,0.8100224915660141,1.2,0.1816104442480397,2902371.4734902345
16077.069881705098,0.19014397945223108,0.19014397945223108,0.809856020547769,1.2,0.181648771090586,2907356.490339956
16090.45039653016,0.19031014361067372,0.19031014361067372,0.8096898563893262,1.2,0.1816870011329433,2912334.2806633166
16103.79727204502,0.19047600260000858,0.19047600260000858,0.8095239973999915,1.2,0.1817251350629858,2917304.8891116465
16117.110746490755,0.19064155809546202,0.19064155809546202,0.809358441904538,1.2,0.18176317356140217,2922268.359917511
16130.391055629225,0.19080681175698916,0.19080681175698916,0.8091931882430108,1.2,0.1818011173017978,2927224.7369002965
16143.638432777989,0.1909717652294684,0.1909717652294684,0.8090282347705315,1.2,0.18183896695079427,2932174.0634716614
16156.853108844538,0.19113642014289223,0.19113642014289223,0.8088635798571078,1.2,0.18187672316812725,2937116.382640887
16170.035312360207,0.1913007781125551,0.1913007781125551,0.8086992218874449,1.2,0.18191438660674347,2942051.7370202076
16183.185269513137,0.19146484073923858,0.19146484073923858,0.8085351592607615,1.2,0.1819519579128947,2946980.168829961
16196.303204180942,0.19162860960939287,0.19162860960939287,0.8083713903906071,1.2,0.18198943772623127,2951901.7199037266
16209.389337962646,0.19179208629531622,0.19179208629531622,0.8082079137046838,1.2,0.18202682667989328,2956816.431693334
16222.443890210132,0.1919552723553306,0.1919552723553306,0.8080447276446694,1.2,0.18206412540060038,2961724.3452738095
16235.46707805906,0.1921181693339554,0.1921181693339554,0.8078818306660446,1.2,0.1821013345087402,2966625.5013482408
16248.45911645915,0.19228077876207772,0.19228077876207772,0.8077192212379223,1.2,0.18213845461845474,2971519.9402525383
16261.420218204126,0.19244310215712032,0.19244310215712035,0.8075568978428797,1.2,0.1821754863377261,2976407.7019601623
16274.350593960951,0.1926051410232069,0.19260514102320692,0.8073948589767931,1.2,0.18221243026845987,2981288.826086729
16287.25045229867,0.19276689685132453,0.19276689685132456,0.8072331031486755,1.2,0.18224928700656765,2986163.3518945584
16300.11999971683,0.19292837111948397,0.19292837111948397,0.807071628880516,1.2,0.1822860571420481,2991031.3182971748
16312.95944067324,0.1930895652928769,0.1930895652928769,0.8069104347071231,1.2,0.18232274125906642,2995892.763863686
16325.76897761137,0.1932504808240314,0.1932504808240314,0.8067495191759686,1.2,0.18235933993603248,3000747.726823119
16338.548810987348,0.19341111915296433,0.19341111915296433,0.8065888808470356,1.2,0.18239585374567815,3005596.245068701
16351.299139296409,0.1935714817073319,0.1935714817073319,0.806428518292668,1.2,0.1824322832551326,3010438.3561620484
16364.020159098865,0.19373156990257764,0.19373156990257764,0.8062684300974223,1.2,0.18246862902599675,3015274.0973372827
16376.71206504578,0.19389138514207815,0.19389138514207815,0.8061086148579218,1.2,0.18250489161441652,3020103.505505109
16389.37504990415,0.19405092881728658,0.19405092881728658,0.8059490711827134,1.2,0.18254107157115473,3024926.617256818
16402.009304581567,0.19421020230787406,0.19421020230787406,0.805789797692126,1.2,0.18257716944166164,3029743.4688682007
16414.615018150762,0.19436920698186888,0.19436920698186888,0.8056307930181311,1.2,0.18261318576614505,3034554.0963034653
16427.192377873333,0.19452794419579356,0.19452794419579356,0.8054720558042064,1.2,0.1826491210796381,3039358.5352190044
16439.74156922348,0.19468641529479985,0.19468641529479988,0.8053135847052001,1.2,0.1826849759120671,3044156.8209671853
16452.262775911087,0.19484462161280186,0.19484462161280186,0.8051553783871981,1.2,0.1827207507883174,3048948.988600028
16464.756179904594,0.19500256447260683,0.19500256447260683,0.8049974355273932,1.2,0.18275644622829884,3053735.07287286
16477.221961453382,0.1951602451860443,0.1951602451860443,0.8048397548139556,1.2,0.18279206274700968,3058515.1082478873
16489.66029910983,0.1953176650540933,0.19531766505409331,0.8046823349459067,1.2,0.18282760085459954,3063289.1288977256
16502.07136975107,0.19547482536700747,0.19547482536700747,0.8045251746329926,1.2,0.18286306105643163,3068057.168708881
16514.455348600335,0.19563172740443846,0.19563172740443846,0.8043682725955615,1.2,0.18289844385314383,3072819.2612851663
16526.812409248043,0.19578837243555752,0.19578837243555752,0.8042116275644424,1.2,0.1829337497407087,3077575.4399510846
16539.142723672347,0.1959447617191753,0.1959447617191753,0.8040552382808247,1.2,0.18296897921049243,3082325.7377551207
16551.44646225963,0.1961008965038598,0.1961008965038598,0.8038991034961402,1.2,0.18300413274931324,3087070.187473031
16563.72379382452,0.1962567780280528,0.1962567780280528,0.8037432219719471,1.2,0.18303921083949865,3091808.821611064
16575.974885629566,0.19641240752018424,0.19641240752018427,0.8035875924798157,1.2,0.18307421395894163,3096541.6724091223
16588.199903404697,0.19656778619878543,0.19656778619878543,0.8034322138012145,1.2,0.1831091425811563,3101268.7718438865
16600.39901136631,0.19672291527260014,0.19672291527260014,0.8032770847273999,1.2,0.1831439971753323,3105990.1516318982
16612.572372236078,0.1968777959406945,0.1968777959406945,0.8031222040593056,1.2,0.1831787782063888,3110705.8432325865
16624.720147259508,0.19703242939256488,0.19703242939256488,0.8029675706074351,1.2,0.18321348613502716,3115415.877851259
16636.842496224126,0.19718681680824485,0.19718681680824485,0.8028131831917551,1.2,0.18324812141778324,3120120.2864420447
16648.93957747744,0.19734095935840984,0.19734095935840984,0.8026590406415901,1.2,0.1832826845070784,3124819.0997107844
16661.011547944636,0.19749485820448093,0.19749485820448093,0.8025051417955191,1.2,0.1833171758512704,3129512.348117901
16673.05856314593,0.197648514498727,0.197648514498727,0.802351485501273,1.2,0.18335159589470265,3134200.0618812
16685.080777213763,0.19780192938436514,0.19780192938436514,0.8021980706156349,1.2,0.18338594507775363,3138882.2709786594
16697.07834290965,0.1979551039956602,0.1979551039956602,0.8020448960043398,1.2,0.18342022383688472,3143559.005151154
16709.05141164073,0.19810803945802224,0.19810803945802224,0.8018919605419778,1.2,0.1834544326046878,3148230.2939051385
16721.000133476246,0.1982607368881035,0.1982607368881035,0.8017392631118965,1.2,0.18348857180993214,3152896.1665153303
16732.924657163596,0.19841319739389304,0.19841319739389301,0.801586802606107,1.2,0.18352264187761028,3157556.6520273075
16744.825130144174,0.19856542207481084,0.19856542207481084,0.8014345779251891,1.2,0.18355664322898335,3162211.779260083
16756.701698569075,0.1987174120218002,0.1987174120218002,0.8012825879781997,1.2,0.18359057628162595,3166861.576808666
16768.55450731447,0.1988691683174189,0.1988691683174189,0.8011308316825811,1.2,0.18362444144946993,3171506.073046558
16780.38369999674,0.19902069203592937,0.19902069203592937,0.8009793079640706,1.2,0.18365823914284785,3176145.2961282213
16792.189418987473,0.19917198424338708,0.19917198424338708,0.8008280157566129,1.2,0.18369196976853563,3180779.2739915224
16803.971805428126,0.19932304599772838,0.19932304599772838,0.8006769540022716,1.2,0.18372563372979467,3185408.0343601224
16815.7309992446,0.1994738783488566,0.1994738783488566,0.8005261216511435,1.2,0.18375923142641315,3190031.604745861
16827.467139161476,0.1996244823387272,0.1996244823387272,0.8003755176612728,1.2,0.18379276325474708,3194650.0124510746
16839.18036271609,0.19977485900143194,0.19977485900143194,0.8002251409985681,1.2,0.18382622960776027,3199263.284570905
16850.87080627246,0.1999250093632814,0.1999250093632814,0.8000749906367186,1.2,0.18385963087506418,3203871.447995575
16862.538605034897,0.200074934442887,0.200074934442887,0.7999250655571131,1.2,0.18389296744295686,3208474.5294126184
16874.183893061512,0.2002246352512414,0.2002246352512414,0.7997753647487587,1.2,0.18392623969446148,3213072.555309089
16885.80680327746,0.20037411279179823,0.20037411279179823,0.7996258872082018,1.2,0.18395944800936417,3217665.5519737382
16897.407467488065,0.20052336806055038,0.20052336806055038,0.7994766319394496,1.2,0.18399259276425162,3222253.545499164
16908.986016391656,0.20067240204610762,0.20067240204610762,0.7993275979538924,1.2,0.1840256743325476,3226836.5617839256
16920.542579592326,0.2008212157297728,0.2008212157297728,0.7991787842702271,1.2,0.18405869308454953,3231414.626534629
16932.07728561244,0.20096981008561737,0.20096981008561737,0.7990301899143826,1.2,0.1840916493874641,3235987.765267997
16943.59026190493,0.2011181860805557,0.2011181860805557,0.7988818139194442,1.2,0.18412454360544267,3240556.003312883
16955.08163486558,0.20126634467441856,0.20126634467441856,0.7987336553255815,1.2,0.18415737609961594,3245119.365812301
16966.55152984488,0.2014142868200255,0.2014142868200255,0.7985857131799745,1.2,0.18419014722812824,3249677.8777253744
16978.00007115997,0.20156201346325625,0.20156201346325625,0.7984379865367437,1.2,0.18422285734617136,3254231.5638293093
16989.427382106227,0.20170952554312155,0.20170952554312158,0.7982904744568784,1.2,0.1842555068060178,3258780.4487213055
17000.833584968772,0.20185682399183252,0.20185682399183252,0.7981431760081674,1.2,0.18428809595705364,3263324.5568204597
17012.218801033825,0.20200390973486948,0.20200390973486948,0.7979960902651305,1.2,0.18432062514581093,3267863.912369641
17023.583150599843,0.20215078369104983,0.20215078369104983,0.7978492163089501,1.2,0.18435309471599956,3272398.5394373285
17034.926752988562,0.20229744677259498,0.20229744677259498,0.797702553227405,1.2,0.18438550500853876,3276928.461919451
17046.249726555852,0.20244389988519648,0.20244389988519648,0.7975561001148035,1.2,0.18441785636158817,3281453.703541173
17057.55218870242,0.20259014392808117,0.20259014392808117,0.7974098560719188,1.2,0.18445014911057836,3285974.2878586785
17068.83425588438,0.20273617979407577,0.20273617979407577,0.7972638202059242,1.2,0.1844823835882411,3290490.2382609155
17080.096043623656,0.2028820083696703,0.2028820083696703,0.7971179916303297,1.2,0.18451456012463904,3295001.577971333
17091.337666518277,0.20302763053508105,0.20302763053508105,0.7969723694649189,1.2,0.18454667904719507,3299508.330049583
17102.5592382525,0.20317304716431234,0.20317304716431234,0.7968269528356877,1.2,0.18457874068072144,3304010.5173932104
17113.76087160678,0.2033182591252179,0.2033182591252179,0.7966817408747822,1.2,0.18461074534744795,3308508.162739305
17124.94267846766,0.2034632672795612,0.2034632672795612,0.7965367327204388,1.2,0.18464269336705047,3313001.2886661543
17136.104769837464,0.20360807248307522,0.20360807248307522,0.7963919275169248,1.2,0.1846745850566785,3317489.917594853
17147.247255843904,0.2037526755855213,0.2037526755855213,0.7962473244144788,1.2,0.1847064207309826,3321974.0717909103
17158.370245749524,0.2038970774307472,0.2038970774307472,0.7961029225692529,1.2,0.1847382007021415,3326453.7733658208
17169.473847961057,0.20404127885674478,0.20404127885674478,0.7959587211432553,1.2,0.18476992527988875,3330929.0442786315
17180.558170038577,0.20418528069570663,0.20418528069570663,0.7958147193042934,1.2,0.1848015947715388,3335399.9063374633
17191.623318704642,0.20432908377408204,0.20432908377408204,0.7956709162259179,1.2,0.18483320948201326,3339866.381201051
17202.669399853225,0.20447268891263248,0.20447268891263248,0.7955273110873675,1.2,0.18486476971386637,3344328.490380228
17213.696518558543,0.2046160969264861,0.2046160969264861,0.7953839030735139,1.2,0.18489627576731013,3348786.2552394085
17224.70477908379,0.20475930862519182,0.20475930862519182,0.7952406913748082,1.2,0.1849277279402394,3353239.696998049
17235.694284889738,0.20490232481277257,0.20490232481277257,0.7950976751872274,1.2,0.1849591265282564,3357688.8367320932
17246.665138643246,0.20504514628777804,0.20504514628777804,0.794954853712222,1.2,0.184990471824695,3362133.695375398
17257.61744222562,0.2051877738433367,0.20518777384333667,0.7948122261566634,1.2,0.18502176412064464,3366574.293721138
17268.55129674088,0.20533020826720697,0.20533020826720697,0.7946697917327931,1.2,0.18505300370497396,3371010.6524231927
17279.466802523937,0.20547245034182837,0.20547245034182837,0.7945275496581716,1.2,0.18508419086435413,3375442.7919975235
17290.364059148604,0.20561450084437127,0.20561450084437127,0.7943854991556287,1.2,0.18511532588328172,3379870.7328235176
17301.243165435622,0.20575636054678675,0.20575636054678675,0.7942436394532133,1.2,0.1851464090441018,3384294.49514535
17312.104219460416,0.2058980302158553,0.2058980302158553,0.7941019697841447,1.2,0.1851774406270298,3388714.099073274
17322.947318560895,0.20603951061323533,0.20603951061323536,0.7939604893867647,1.2,0.185208420910174,3393129.564584948
17333.77255934507,0.20618080249551096,0.20618080249551096,0.793819197504489,1.2,0.18523935016955737,3397540.9115267247
17344.580037698594,0.206321906614239,0.206321906614239,0.793678093385761,1.2,0.18527022867913884,3401948.1596149043
17355.369848792205,0.20646282371599584,0.20646282371599584,0.7935371762840042,1.2,0.18530105671083488,3406351.328437015
17366.142087089098,0.2066035545424235,0.2066035545424235,0.7933964454575765,1.2,0.1853318345345403,3410750.4374530464
17376.89684635216,0.20674409983027497,0.206744099830275,0.793255900169725,1.2,0.18536256241814905,3415145.5059966757
17387.63421965112,0.20688446031145952,0.20688446031145952,0.7931155396885405,1.2,0.18539324062757465,3419536.553276479
17398.354299369657,0.20702463671308685,0.20702463671308685,0.7929753632869132,1.2,0.18542386942677047,3423923.598377138
17409.057177212337,0.20716462975751126,0.20716462975751126,0.7928353702424887,1.2,0.18545444907774955,3428306.660260609
17419.742944211524,0.207304440162375,0.20730444016237504,0.792695559837625,1.2,0.18548497984060436,3432685.757767303
17430.411690734185,0.20744406864065124,0.20744406864065124,0.7925559313593488,1.2,0.18551546197352625,3437060.909617238
17441.06350648861,0.2075835159006863,0.2075835159006863,0.7924164840993138,1.2,0.1855458957328246,3441432.134411177
17451.69848053104,0.2077227826462419,0.20772278264624192,0.7922772173537581,1.2,0.18557628137294582,3445799.450631763
17462.316701272215,0.2078618695765363,0.2078618695765363,0.7921381304234637,1.2,0.18560661914649204,3450162.8766446244
17472.91825648384,0.20800077738628542,0.20800077738628542,0.7919992226137146,1.2,0.18563690930423957,3454522.430699477
17483.503233304997,0.20813950676574328,0.20813950676574325,0.7918604932342568,1.2,0.18566715209515713,3458878.1309312247
17494.07171824839,0.20827805840074196,0.20827805840074196,0.791721941599258,1.2,0.185697347766424,3463229.9953610096
17504.62379720666,0.20841643297273127,0.2084164329727313,0.7915835670272687,1.2,0.1857274965634476,3467578.041897305
17515.159555458456,0.20855463115881784,0.20855463115881784,0.7914453688411822,1.2,0.18575759872988132,3471922.2883369364
17525.679077674555,0.20869265363180364,0.20869265363180364,0.7913073463681963,1.2,0.1857876545076416,3476262.7523661377
17536.182447923857,0.20883050106022433,0.20883050106022433,0.7911694989397757,1.2,0.18581766413692533,3480599.4515615744
17546.669749679306,0.208968174108387,0.20896817410838703,0.7910318258916129,1.2,0.1858476278562266,3484932.4033913463
17557.141065823726,0.2091056734364075,0.2091056734364075,0.7908943265635925,1.2,0.1858775459023535,3489261.6252160026
17567.596478655636,0.20924299970024737,0.20924299970024737,0.7907570002997526,1.2,0.18590741851044468,3493587.1342895217
17578.036069894937,0.2093801535517504,0.2093801535517504,0.7906198464482496,1.2,0.18593724591398555,3497908.9477602975
17588.45992068856,0.20951713563867871,0.20951713563867871,0.7904828643613213,1.2,0.18596702834482448,3502227.0826721024
17598.868111616044,0.20965394660474834,0.20965394660474837,0.7903460533952517,1.2,0.1859967660331887,3506541.5559650417
17609.260722695024,0.20979058708966475,0.20979058708966475,0.7902094129103352,1.2,0.18602645920770008,3510852.3844765057
17619.637833386692,0.20992705772915743,0.20992705772915743,0.7900729422708426,1.2,0.18605610809539055,3515159.5849420964
17629.999522601156,0.2100633591550147,0.2100633591550147,0.7899366408449853,1.2,0.1860857129217176,3519463.173996559
17640.34586870275,0.2101994919951177,0.2101994919951177,0.7898005080048823,1.2,0.1861152739105793,3523763.168174686
17650.676949515273,0.2103354568734741,0.2103354568734741,0.7896645431265259,1.2,0.18614479128432937,3528059.5839122287
17660.992842327192,0.21047125441025152,0.21047125441025152,0.7895287455897485,1.2,0.186174265263792,3532352.4375467864
17671.29362389673,0.2106068852218105,0.21060688522181054,0.7893931147781894,1.2,0.1862036960682764,3536641.7453186843
17681.57937045695,0.21074234992073726,0.21074234992073726,0.7892576500792627,1.2,0.1862330839155913,3540927.5233718567
17691.850157720746,0.21087764911587578,0.21087764911587578,0.7891223508841242,1.2,0.18626242902205928,3545209.7877547
17702.106060885773,0.21101278341235985,0.21101278341235988,0.7889872165876401,1.2,0.1862917316025308,3549488.55442093
17712.34715463933,0.21114775341164468,0.2111477534116447,0.7888522465883553,1.2,0.1863209918703981,3553763.8392304205
17722.573513163214,0.21128255971153803,0.21128255971153803,0.788717440288462,1.2,0.18635021003760918,3558035.657950054
17732.785210138427,0.21141720290623112,0.21141720290623112,0.7885827970937689,1.2,0.18637938631468123,3562304.026254519
17742.98231874994,0.2115516835863293,0.2115516835863293,0.7884483164136706,1.2,0.18640852091071414,3566568.9597271523
17753.164911691325,0.21168600233888213,0.21168600233888213,0.7883139976611179,1.2,0.1864376140334038,3570830.4738607304
17763.333061169353,0.2118201597474133,0.2118201597474133,0.7881798402525867,1.2,0.1864666658890553,3575088.5840582727
17773.48683890855,0.21195415639195037,0.21195415639195037,0.7880458436080496,1.2,0.18649567668259587,3579343.3056338257
17783.626316155693,0.21208799284905377,0.2120879928490538,0.7879120071509462,1.2,0.1865246466175877,3583594.653813252
17793.75156368423,0.212221669691846,0.212221669691846,0.787778330308154,1.2,0.18655357589624066,3587842.643734994
17803.8626517987,0.21235518749004,0.21235518749004,0.78764481250996,1.2,0.18658246471942488,3592087.2904508375
17813.959650339064,0.2124885468099677,0.2124885468099677,0.7875114531900322,1.2,0.18661131328668307,3596328.6089266753
17824.04262868498,0.21262174821460794,0.21262174821460794,0.787378251785392,1.2,0.1866401217962428,3600566.6140432423
17834.111655760054,0.2127547922636142,0.2127547922636142,0.7872452077363858,1.2,0.18666889044502874,3604801.3205968635
17844.16680003605,0.21288767951334214,0.21288767951334214,0.7871123204866579,1.2,0.18669761942867444,3609032.7433001804
17854.208129536994,0.21302041051687653,0.21302041051687653,0.7869795894831235,1.2,0.18672630894153427,3613260.8967828723
17864.23571184331,0.21315298582405834,0.21315298582405837,0.7868470141759416,1.2,0.18675495917669518,3617485.7955923746
17874.24961409584,0.21328540598151116,0.21328540598151116,0.7867145940184889,1.2,0.18678357032598814,3621707.454194588
17884.249902999873,0.2134176715326675,0.2134176715326675,0.7865823284673326,1.2,0.18681214257999965,3625925.8869745694
17894.23664482909,0.21354978301779493,0.21354978301779493,0.7864502169822051,1.2,0.1868406761280831,3630141.108237235
17904.209905429467,0.21368174097402168,0.21368174097402165,0.7863182590259783,1.2,0.18686917115836993,3634353.1322080363
17914.16975022319,0.21381354593536223,0.21381354593536225,0.7861864540646377,1.2,0.18689762785778055,3638561.973033646
17924.116244212408,0.2139451984327425,0.2139451984327425,0.7860548015672575,1.2,0.18692604641203547,3642767.644782618
17934.04945198309,0.2140766989940247,0.2140766989940247,0.7859233010059753,1.2,0.18695442700566597,3646970.1614460615
17943.96943770873,0.21420804814403216,0.21420804814403216,0.7857919518559678,1.2,0.18698276982202494,3651169.536938292
17953.87626515403,0.2143392464045737,0.2143392464045737,0.7856607535954263,1.2,0.18701107504329723,3655365.785097477
17963.769997678606,0.21447029429446782,0.21447029429446782,0.7855297057055322,1.2,0.18703934285051033,3659558.9196862886
17973.65069824055,0.21460119232956665,0.21460119232956665,0.7853988076704334,1.2,0.18706757342354444,3663748.954392526
17983.51842940007,0.2147319410227796,0.2147319410227796,0.7852680589772204,1.2,0.18709576694114305,3667935.9028297593
17993.373253322956,0.21486254088409687,0.21486254088409687,0.7851374591159032,1.2,0.18712392358092272,3672119.778537941
18003.21523178414,0.21499299242061265,0.21499299242061265,0.7850070075793874,1.2,0.18715204351938325,3676300.594984025
18013.044426171124,0.21512329613654801,0.21512329613654801,0.784876703863452,1.2,0.1871801269319175,3680478.3655625815
18022.86089748741,0.21525345253327374,0.21525345253327374,0.7847465474667262,1.2,0.1872081739928212,3684653.103596392
18032.664706355885,0.2153834621093328,0.2153834621093328,0.7846165378906672,1.2,0.18723618487530252,3688824.8223370486
18042.455913022168,0.21551332536046258,0.21551332536046258,0.7844866746395374,1.2,0.1872641597514919,3692993.5349655547
18052.23457735792,0.21564304277961704,0.21564304277961704,0.784356957220383,1.2,0.1872920987924512,3697159.254592897
18062.000758864124,0.21577261485698848,0.21577261485698848,0.7842273851430115,1.2,0.18732000216818323,3701321.9942606282
18071.754516674315,0.2159020420800291,0.2159020420800291,0.784097957919971,1.2,0.18734787004764092,3705481.766941447
18081.495909557787,0.21603132493347257,0.21603132493347257,0.7839686750665275,1.2,0.18737570259873654,3709638.5855397508
18091.224995922777,0.21616046389935495,0.21616046389935495,0.783839536100645,1.2,0.1874034999883508,3713792.4628922152
18100.941833819572,0.2162894594570359,0.2162894594570359,0.7837105405429641,1.2,0.18743126238234165,3717943.411768336
18110.646480943647,0.21641831208321932,0.21641831208321932,0.7835816879167807,1.2,0.1874589899455533,3722091.444870985
18120.338994638703,0.21654702225197392,0.21654702225197392,0.7834529777480261,1.2,0.18748668284182488,3726236.5748369517
18130.019431899706,0.21667559043475354,0.21667559043475354,0.7833244095652465,1.2,0.18751434123399918,3730378.814237483
18139.687849375907,0.2168040171004174,0.2168040171004174,0.7831959828995826,1.2,0.18754196528393116,3734518.1755788177
18149.3443033738,0.21693230271525,0.21693230271524996,0.78306769728475,1.2,0.18756955515249657,3738654.671302718
18158.988849860074,0.21706044774298067,0.21706044774298067,0.7829395522570193,1.2,0.18759711099960022,3742788.313786986
18168.62154446449,0.21718845264480352,0.21718845264480352,0.7828115473551964,1.2,0.18762463298418428,3746919.115345981
18178.2424424828,0.21731631787939654,0.21731631787939654,0.7826836821206035,1.2,0.18765212126423658,3751047.088231141
18187.851598879563,0.2174440439029407,0.2174440439029407,0.7825559560970593,1.2,0.18767957599679877,3755172.24463148
18197.44906829098,0.21757163116913925,0.21757163116913925,0.7824283688308608,1.2,0.18770699733797425,3759294.5966740972
18207.03490502767,0.21769908012923622,0.21769908012923622,0.7823009198707638,1.2,0.18773438544293622,3763414.1564246695
18216.609163077428,0.21782639123203518,0.2178263912320352,0.7821736087679648,1.2,0.18776174046593552,3767530.9358879477
18226.171896107968,0.2179535649239177,0.2179535649239177,0.7820464350760823,1.2,0.18778906256030847,3771644.9470082433
18235.723157469598,0.21808060164886153,0.21808060164886156,0.7819193983511384,1.2,0.18781635187848458,3775756.2016699077
18245.263000197927,0.21820750184845872,0.21820750184845872,0.7817924981515413,1.2,0.1878436085719941,3779864.711697815
18254.79147701648,0.21833426596193356,0.21833426596193356,0.7816657340380664,1.2,0.18787083279147565,3783970.488857839
18264.308640339317,0.21846089442616023,0.21846089442616023,0.7815391055738398,1.2,0.1878980246866838,3788073.544857306
18273.81454227365,0.21858738767568048,0.21858738767568048,0.7814126123243195,1.2,0.18792518440649614,3792173.8913454763
18283.30923462237,0.2187137461427209,0.2187137461427209,0.7812862538572791,1.2,0.18795231209892108,3796271.539913998
18292.79276888662,0.2188399702572103,0.2188399702572103,0.7811600297427896,1.2,0.18797940791110465,3800366.502097358
18302.265196268265,0.21896606044679667,0.2189660604467967,0.7810339395532033,1.2,0.1880064719893379,3804458.78937334
18311.72656767241,0.2190920171368641,0.21909201713686413,0.7809079828631359,1.2,0.18803350447906403,3808548.413163463
18321.176933709852,0.21921784075054954,0.21921784075054954,0.7807821592494505,1.2,0.18806050552488532,3812635.384833433
18330.6163446995,0.2193435317087593,0.2193435317087593,0.7806564682912407,1.2,0.18808747527057001,3816719.7156935707
18340.044850670805,0.2194690904301857,0.21946909043018573,0.7805309095698143,1.2,0.18811441385905947,3820801.416999255
18349.462501366124,0.21959451733132312,0.21959451733132312,0.7804054826686768,1.2,0.18814132143247464,3824880.499951341
18358.8693462431,0.21971981282648415,0.21971981282648415,0.7802801871735159,1.2,0.18816819813212315,3828956.9756966047
18368.265434476976,0.21984497732781566,0.21984497732781566,0.7801550226721843,1.2,0.18819504409850565,3833030.855328135
18377.650814962937,0.21997001124531457,0.21997001124531457,0.7800299887546854,1.2,0.1882218594713227,3837102.1498857844
18387.02553631837,0.22009491498684344,0.22009491498684344,0.7799050850131566,1.2,0.18824864438948108,3841170.870356556
18396.389646885156,0.22021968895814614,0.22021968895814614,0.7797803110418539,1.2,0.18827539899110046,3845237.0276750275
18405.7431947319,0.2203443335628631,0.2203443335628631,0.7796556664371369,1.2,0.1883021234135197,3849300.6327237547
18415.08622765614,0.22046884920254659,0.2204688492025466,0.7795311507974534,1.2,0.18832881779330327,3853361.696333665
18424.418793186578,0.22059323627667582,0.22059323627667582,0.7794067637233242,1.2,0.18835548226624738,3857420.2292844686
18433.740938585233,0.2207174951826719,0.2207174951826719,0.7792825048173281,1.2,0.18838211696738638,3861476.242305042
18443.052710849606,0.22084162631591261,0.22084162631591261,0.7791583736840874,1.2,0.1884087220309989,3865529.7460738253
18452.354156714802,0.22096563006974715,0.22096563006974718,0.7790343699302529,1.2,0.18843529759061373,3869580.7512192056
18461.645322655662,0.2210895068355106,0.2210895068355106,0.7789104931644895,1.2,0.1884618437790162,3873629.2683199043
18470.926254888836,0.22121325700253838,0.22121325700253838,0.7787867429974616,1.2,0.18848836072825384,3877675.307905349
18480.196999374864,0.22133688095818052,0.22133688095818052,0.7786631190418195,1.2,0.18851484856964248,3881718.8804560606
18489.457601820235,0.2214603790878158,0.2214603790878158,0.7785396209121842,1.2,0.18854130743377212,3885759.99640402
18498.708107679387,0.22158375177486578,0.22158375177486578,0.7784162482251342,1.2,0.18856773745051256,3889798.6661330354
18507.948562156762,0.22170699940080862,0.22170699940080862,0.7782930005991914,1.2,0.18859413874901934,3893834.899979116
18517.179010208754,0.22183012234519295,0.22183012234519295,0.778169877654807,1.2,0.1886205114577393,3897868.7082308237
18526.39949654571,0.2219531209856514,0.2219531209856514,0.7780468790143487,1.2,0.18864685570441633,3901900.1011296464
18535.610065633868,0.22207599569791425,0.22207599569791425,0.7779240043020857,1.2,0.18867317161609679,3905929.08887034
18544.810761697292,0.2221987468558227,0.2221987468558227,0.7778012531441774,1.2,0.18869945931913512,3909955.681601291
18554.001628719794,0.22232137483134207,0.22232137483134207,0.7776786251686579,1.2,0.18872571893919943,3913979.8894248633
18563.18271044682,0.2224438799945752,0.2224438799945752,0.7775561200054248,1.2,0.18875195060127664,3918001.7223977437
18572.35405038733,0.22256626271377533,0.22256626271377533,0.7774337372862247,1.2,0.1887781544296781,3922021.1905312827
18581.515691815668,0.22268852335535888,0.22268852335535888,0.7773114766446412,1.2,0.18880433054804477,3926038.303791845
18590.667677773377,0.22281066228391855,0.22281066228391855,0.7771893377160815,1.2,0.18883047907935252,3930053.072101129
18599.810051071054,0.22293267986223575,0.22293267986223575,0.7770673201377643,1.2,0.18885660014591732,3934065.5053365203
18608.942854290137,0.22305457645129334,0.22305457645129334,0.7769454235487067,1.2,0.1888826938694004,3938075.61333141
18618.066129784704,0.22317635241028794,0.22317635241028794,0.7768236475897121,1.2,0.18890876037081344,3942083.4058755273
18627.17991968323,0.22329800809664244,0.22329800809664244,0.7767019919033575,1.2,0.18893479977052352,3946088.8927152622
18636.284265890357,0.22341954386601806,0.22341954386601806,0.776580456133982,1.2,0.18896081218825816,3950092.083553993
18645.379210088635,0.22354096007232666,0.22354096007232666,0.7764590399276734,1.2,0.1889867977431104,3954092.9880524008
18654.46479374022,0.22366225706774262,0.22366225706774262,0.7763377429322573,1.2,0.1890127565535435,3958091.6158287856
18663.541058088605,0.22378343520271488,0.22378343520271488,0.7762165647972852,1.2,0.18903868873739604,3962087.9764593877
18672.6080441603,0.22390449482597863,0.22390449482597863,0.7760955051740214,1.2,0.18906459441188658,3966082.079478684
18681.665792766504,0.22402543628456711,0.22402543628456711,0.7759745637154329,1.2,0.1890904736936186,3970073.934379717
18690.714344504748,0.22414625992382317,0.2241462599238232,0.7758537400761768,1.2,0.189116326698585,3974063.550614379
18699.75373976058,0.22426696608741084,0.22426696608741084,0.7757330339125892,1.2,0.1891421535421731,3978050.9375937316
18708.78401870914,0.22438755511732664,0.22438755511732664,0.7756124448826733,1.2,0.189167954339169,3982036.1046882947
18717.805221316805,0.2245080273539109,0.2245080273539109,0.7754919726460892,1.2,0.18919372920376232,3986019.0612283535
18726.817387342773,0.22462838313585903,0.22462838313585903,0.7753716168641409,1.2,0.1892194782495508,3989999.8165042405
18735.820556340645,0.22474862280023264,0.22474862280023267,0.7752513771997673,1.2,0.18924520158954472,3993978.3797666454
18744.81476766,0.22486874668247045,0.22486874668247048,0.7751312533175295,1.2,0.18927089933617144,3997954.76022689
18753.80006044793,0.2249887551163993,0.2249887551163993,0.7750112448836007,1.2,0.18929657160127983,4001928.9670572253
18762.7764736506,0.22510864843424486,0.22510864843424486,0.7748913515657552,1.2,0.18932221849614458,4005901.0093911057
18771.744046014748,0.22522842696664255,0.22522842696664255,0.7747715730333574,1.2,0.1893478401314707,4009870.896323485
18780.702816089215,0.22534809104264802,0.22534809104264805,0.7746519089573519,1.2,0.18937343661739778,4013838.6369110895
18789.652822226424,0.22546764098974778,0.22546764098974778,0.7745323590102522,1.2,0.18939900806350407,4017804.2401726902
18798.594102583877,0.22558707713386952,0.2255870771338695,0.7744129228661305,1.2,0.18942455457881108,4021767.7150893887
18807.526695125605,0.22570639979939264,0.22570639979939264,0.7742936002006073,1.2,0.18945007627178745,4025729.070604881
18816.45063762365,0.2258256093091585,0.2258256093091585,0.7741743906908415,1.2,0.1894755732503533,4029688.3156257365
18825.36596765947,0.22594470598448052,0.22594470598448052,0.7740552940155194,1.2,0.18950104562188422,4033645.4590216577
18834.272722625403,0.22606369014515437,0.2260636901451544,0.7739363098548456,1.2,0.18952649349321546,4037600.509625755
18843.17093972606,0.226182562109468,0.226182562109468,0.773817437890532,1.2,0.1895519169706459,4041553.476234801
18852.060655979734,0.2263013221942114,0.2263013221942114,0.7736986778057886,1.2,0.1895773161599421,4045504.367609501
18860.94190821979,0.22641997071468672,0.22641997071468672,0.7735800292853132,1.2,0.18960269116634226,4049453.192474743
18869.814733096042,0.22653850798471786,0.22653850798471786,0.7734614920152821,1.2,0.18962804209456013,4053399.959519866
18878.67916707612,0.22665693431666012,0.22665693431666012,0.7733430656833399,1.2,0.18965336904878893,4057344.677398904
18887.535246446816,0.22677525002140997,0.22677525002140997,0.77322474997859,1.2,0.1896786721327052,4061287.354730847
18896.383007315428,0.22689345540841444,0.22689345540841444,0.7731065445915856,1.2,0.18970395144947266,4065228.0000998857
18905.222485611095,0.22701155078568055,0.22701155078568055,0.7729884492143194,1.2,0.189729207101746,4069166.622055665
18914.053717086103,0.22712953645978484,0.22712953645978484,0.7728704635402152,1.2,0.1897544391916746,4073103.229113526
18922.87673731719,0.22724741273588242,0.22724741273588242,0.7727525872641176,1.2,0.18977964782090628,4077037.8297547577
18931.69158170685,0.2273651799177164,0.2273651799177164,0.7726348200822836,1.2,0.189804833090591,4080970.4324268294
18940.498285484606,0.22748283830762678,0.22748283830762678,0.7725171616923732,1.2,0.1898299951013846,4084901.045543637
18949.296883708274,0.2276003882065598,0.2276003882065598,0.7723996117934402,1.2,0.18985513395345222,4088829.6774857477
18958.08741126524,0.22771782991407669,0.22771782991407669,0.7722821700859233,1.2,0.1898802497464721,4092756.33660062
18966.869902873685,0.2278351637283626,0.2278351637283626,0.7721648362716373,1.2,0.18990534257963912,4096681.031202855
18975.644393083843,0.22795238994623557,0.22795238994623557,0.7720476100537644,1.2,0.18993041255166812,4100603.76957442
18984.410916279212,0.22806950886315516,0.22806950886315516,0.7719304911368449,1.2,0.18995545976079775,4104524.559964881
18993.169506677776,0.22818652077323118,0.22818652077323118,0.7718134792267688,1.2,0.18998048430479367,4108443.4105916307
19001.920198333206,0.22830342596923234,0.22830342596923234,0.7716965740307676,1.2,0.19000548628095204,4112360.329640121
19010.663025136062,0.2284202247425947,0.2284202247425947,0.7715797752574053,1.2,0.19003046578610305,4116275.325264082
19019.39802081496,0.2285369173834303,0.2285369173834303,0.7714630826165697,1.2,0.19005542291661418,4120188.4055857463
19028.125218937756,0.2286535041805354,0.2286535041805354,0.7713464958194646,1.2,0.1900803577683936,4124099.578696072
19036.844652912714,0.2287699854213989,0.22876998542139892,0.7712300145786011,1.2,0.1901052704368935,4128008.852654962
19045.556355989647,0.2288863613922107,0.2288863613922107,0.7711136386077893,1.2,0.19013016101711327,4131916.235491483
19054.260361261066,0.2290026323778697,0.2290026323778697,0.7709973676221303,1.2,0.19015502960360306,4135821.735204082
19062.956701663312,0.22911879866199206,0.22911879866199206,0.770881201338008,1.2,0.19017987629046662,4139725.359760796
19071.64540997768,0.22923486052691935,0.22923486052691935,0.7707651394730807,1.2,0.19020470117136482,4143627.117099473
19080.32651883152,0.22935081825372636,0.22935081825372636,0.7706491817462736,1.2,0.19022950433951863,4147527.0151279713
19089.00006069937,0.2294666721222292,0.2294666721222292,0.7705333278777708,1.2,0.19025428588771248,4151425.0617243857
19097.666067904014,0.22958242241099314,0.22958242241099314,0.7704175775890069,1.2,0.1902790459082972,4155321.264737237
19106.324572617603,0.2296980693973403,0.2296980693973403,0.7703019306026597,1.2,0.19030378449319316,4159215.6319856956
19114.97560686269,0.2298136133573577,0.2298136133573577,0.7701863866426423,1.2,0.1903285017338934,4163108.1712597674
19123.61920251334,0.22992905456590457,0.22992905456590457,0.7700709454340955,1.2,0.1903531977214667,4166998.8903205153
19132.25539129615,0.23004439329662027,0.2300443932966203,0.7699556067033797,1.2,0.19037787254656044,4170887.796900244
19140.88420479132,0.23015962982193178,0.23015962982193178,0.7698403701780683,1.2,0.1904025262994038,4174774.8987027165
19149.505674433687,0.23027476441306105,0.23027476441306108,0.769725235586939,1.2,0.19042715906981056,4178660.203403331
19158.119831513755,0.23038979734003276,0.2303897973400328,0.7696102026599672,1.2,0.1904517709471822,4182543.718649341
19166.72670717871,0.23050472887168139,0.23050472887168139,0.7694952711283186,1.2,0.1904763620205106,4186425.4520600336
19175.326332433444,0.23061955927565872,0.23061955927565872,0.7693804407243413,1.2,0.19050093237838128,4190305.4112269287
19183.91873814155,0.23073428881844107,0.2307342888184411,0.7692657111815588,1.2,0.19052548210897588,4194183.6037139697
19192.503955026335,0.23084891776533661,0.23084891776533661,0.7691510822346634,1.2,0.19055001130007526,4198060.037057718
19201.08201367178,0.23096344638049227,0.23096344638049227,0.7690365536195077,1.2,0.19057452003906225,4201934.718767534
19209.652944523554,0.2310778749269011,0.2310778749269011,0.7689221250730989,1.2,0.19059900841292446,4205807.656325779
19218.21677788995,0.23119220366640914,0.23119220366640916,0.7688077963335909,1.2,0.190623476508257,4209678.85718798
19226.773543942876,0.23130643285972255,0.23130643285972255,0.7686935671402775,1.2,0.19064792441126538,4213548.328783036
19235.3232727188,0.23142056276641446,0.23142056276641446,0.7685794372335856,1.2,0.19067235220776801,4217416.07851339
19243.865994119693,0.23153459364493179,0.2315345936449318,0.7684654063550682,1.2,0.19069675998319913,4221282.113755209
19252.401737913977,0.23164852575260228,0.23164852575260228,0.7683514742473977,1.2,0.19072114782261138,4225146.441858575
19260.930533737446,0.23176235934564104,0.23176235934564104,0.768237640654359,1.2,0.19074551581067845,4229009.070147648
19269.452411094207,0.2318760946791574,0.23187609467915743,0.7681239053208426,1.2,0.19076986403169774,4232870.005920861
19277.96739935758,0.2319897320071616,0.2319897320071616,0.7680102679928384,1.2,0.1907941925695931,4236729.256451091
19286.475527771014,0.2321032715825713,0.2321032715825713,0.7678967284174287,1.2,0.19081850150791718,4240586.8289858205
19294.976825448986,0.23221671365721827,0.23221671365721827,0.7677832863427817,1.2,0.19084279092985426,4244442.7307473365
19303.4713213779,0.23233005848185473,0.23233005848185476,0.7676699415181453,1.2,0.1908670609182226,4248296.968932878
19311.95904441697,0.23244330630616009,0.2324433063061601,0.7675566936938398,1.2,0.19089131155547706,4252149.550714825
19320.440023299096,0.2325564573787471,0.2325564573787471,0.7674435426212529,1.2,0.1909155429237117,4256000.483240862
19328.91428663174,0.23266951194716837,0.23266951194716837,0.7673304880528317,1.2,0.19093975510466213,4259849.773634141
19337.381862897808,0.23278247025792262,0.23278247025792262,0.7672175297420774,1.2,0.19096394817970802,4263697.428993462
19345.84278045646,0.23289533255646097,0.23289533255646097,0.767104667443539,1.2,0.1909881222298756,4267543.4563934235
19354.297067544023,0.23300809908719322,0.23300809908719322,0.7669919009128068,1.2,0.19101227733584009,4271387.8628846025
19362.74475227479,0.23312077009349388,0.2331207700934939,0.7668792299065061,1.2,0.19103641357792797,4275230.655493707
19371.185862641873,0.23323334581770852,0.23323334581770852,0.7667666541822915,1.2,0.19106053103611964,4279071.841223746
19379.620426518035,0.23334582650115962,0.23334582650115962,0.7666541734988404,1.2,0.19108462979005153,4282911.427054181
19388.048471656522,0.2334582123841527,0.2334582123841527,0.7665417876158473,1.2,0.19110870991901865,4286749.419941104
19396.47002569186,0.23357050370598242,0.23357050370598242,0.7664294962940176,1.2,0.19113277150197674,4290585.826817373
19404.88511614068,0.23368270070493832,0.23368270070493832,0.7663172992950616,1.2,0.1911568146175448,4294420.65459279
19413.293770402517,0.23379480361831087,0.23379480361831087,0.7662051963816892,1.2,0.1911808393440072,4298253.910154247
19421.696015760623,0.23390681268239724,0.23390681268239724,0.7660931873176028,1.2,0.19120484575931607,4302085.600365881
19430.091879382726,0.23401872813250718,0.2340187281325072,0.7659812718674928,1.2,0.19122883394109352,4305915.732069236
19438.48138832186,0.23413055020296877,0.23413055020296877,0.7658694497970312,1.2,0.19125280396663388,4309744.312083408
19446.8645695171,0.23424227912713408,0.23424227912713408,0.7657577208728659,1.2,0.191276755912906,4313571.347205206
19455.24144979436,0.23435391513738493,0.23435391513738493,0.7656460848626151,1.2,0.19130068985655532,4317396.84420929
19463.61205586717,0.23446545846513847,0.23446545846513847,0.7655345415348616,1.2,0.1913246058739062,4321220.809848336
19471.976414337398,0.23457690934085287,0.23457690934085287,0.7654230906591472,1.2,0.191348504040964,4325043.250853172
19480.334551696047,0.23468826799403275,0.23468826799403275,0.7653117320059672,1.2,0.19137238443341728,4328864.173932933
19488.68649432398,0.23479953465323475,0.23479953465323475,0.7652004653467652,1.2,0.19139624712663997,4332683.5857752105
19497.03226849267,0.23491070954607304,0.23491070954607304,0.7650892904539269,1.2,0.19142009219569334,4336501.493046189
19505.371900364928,0.23502179289922476,0.23502179289922476,0.7649782071007752,1.2,0.19144391971532837,4340317.902390796
19513.705415995653,0.23513278493843526,0.23513278493843526,0.7648672150615647,1.2,0.1914677297599876,4344132.8204328455
19522.032841332548,0.23524368588852362,0.23524368588852362,0.7647563141114764,1.2,0.1914915224038073,4347946.25377518
19530.354202216833,0.23535449597338795,0.23535449597338795,0.764645504026612,1.2,0.19151529772061954,4351758.208999819
19538.669524383968,0.23546521541601056,0.2354652154160106,0.7645347845839894,1.2,0.1915390557839542,4355568.69266808
19546.97883346436,0.2355758444384633,0.2355758444384633,0.7644241555615368,1.2,0.19156279666704104,4359377.711320746
19555.282154984074,0.23568638326191266,0.23568638326191266,0.7643136167380873,1.2,0.19158652044281166,4363185.271478176
19563.579514365512,0.23579683210662503,0.23579683210662503,0.764203167893375,1.2,0.19161022718390147,4366991.379640464
19571.870936928128,0.2359071911919717,0.23590719119197173,0.7640928088080283,1.2,0.1916339169626518,4370796.042287566
19580.1564478891,0.23601746073643415,0.23601746073643415,0.7639825392635659,1.2,0.19165758985111173,4374599.265879438
19588.436072364024,0.23612764095760883,0.23612764095760883,0.7638723590423911,1.2,0.19168124592104008,4378401.056856171
19596.709835367572,0.23623773207221233,0.23623773207221233,0.7637622679277877,1.2,0.19170488524390736,4382201.421638122
19604.977761814185,0.23634773429608635,0.23634773429608638,0.7636522657039136,1.2,0.19172850789089768,4386000.36662605
19613.23987651873,0.23645764784420262,0.23645764784420262,0.7635423521557974,1.2,0.19175211393291067,4389797.8982012505
19621.496204197167,0.23656747293066774,0.23656747293066774,0.7634325270693323,1.2,0.19177570344056336,4393594.02272568
19629.746769467183,0.23667720976872816,0.23667720976872816,0.7633227902312718,1.2,0.19179927648419196,4397388.746542091
19637.991596848886,0.2367868585707749,0.2367868585707749,0.7632131414292251,1.2,0.19182283313385398,4401182.075974163
19646.230710765405,0.2368964195483484,0.2368964195483484,0.7631035804516516,1.2,0.19184637345932976,4404974.01732662
19654.464135543574,0.2370058929121433,0.2370058929121433,0.7629941070878568,1.2,0.1918698975301245,4408764.576885379
19662.691895414526,0.2371152788720131,0.2371152788720131,0.7628847211279869,1.2,0.1918934054154701,4412553.7609176515
19670.914014514372,0.237224577636975,0.237224577636975,0.762775422363025,1.2,0.19191689718432678,4416341.575672091
19679.130516884783,0.23733378941521432,0.23733378941521432,0.7626662105847857,1.2,0.1919403729053851,4420128.027378905
19687.34142647365,0.23744291441408932,0.23744291441408932,0.7625570855859107,1.2,0.1919638326470676,4423913.122249984
19695.546767135675,0.23755195284013578,0.23755195284013578,0.7624480471598643,1.2,0.19198727647753053,4427696.866479026
19703.746562633,0.23766090489907143,0.23766090489907143,0.7623390951009286,1.2,0.19201070446466573,4431479.266241651
19711.94083663582,0.23776977079580064,0.2377697707958006,0.7622302292041994,1.2,0.19203411667610235,4435260.327695538
19720.129612722954,0.23787855073441877,0.23787855073441877,0.7621214492655812,1.2,0.19205751317920844,4439040.056980531
19728.31291438249,0.23798724491821677,0.23798724491821677,0.7620127550817832,1.2,0.19208089404109285,4442818.460218765
19736.490765012364,0.23809585354968552,0.23809585354968554,0.7619041464503145,1.2,0.19210425932860675,4446595.543514787
19744.663187920924,0.23820437683052026,0.23820437683052026,0.7617956231694798,1.2,0.1921276091083455,4450371.312955674
19752.83020632756,0.23831281496162493,0.23831281496162493,0.7616871850383751,1.2,0.19215094344665018,4454145.774611147
19760.991843363252,0.2384211681431166,0.2384211681431166,0.7615788318568835,1.2,0.1921742624096093,4457918.934533693
19769.148122071172,0.2385294365743296,0.2385294365743296,0.7614705634256704,1.2,0.19219756606306052,4461690.798758673
19777.299065407242,0.23863762045382,0.23863762045382,0.76136237954618,1.2,0.19222085447259213,4465461.37330445
19785.444696240713,0.23874571997936983,0.23874571997936983,0.7612542800206301,1.2,0.1922441277035449,4469230.664172498
19793.585037354715,0.23885373534799112,0.23885373534799112,0.7611462646520089,1.2,0.1922673858210135,4472998.677347506
19801.720111446848,0.23896166675593025,0.23896166675593025,0.7610383332440698,1.2,0.19229062888984816,4476765.418797507
19809.849941129705,0.23906951439867208,0.23906951439867208,0.7609304856013279,1.2,0.1923138569746563,4480530.894473983
19817.974548931452,0.23917727847094408,0.23917727847094405,0.760822721529056,1.2,0.19233707013980417,4484295.110311978
19826.093957296358,0.23928495916672038,0.23928495916672038,0.7607150408332797,1.2,0.19236026844941817,4488058.0722302
19834.208188585355,0.23939255667922593,0.23939255667922593,0.7606074433207741,1.2,0.19238345196738674,4491819.786131155
19842.317265076574,0.2395000712009405,0.2395000712009405,0.7604999287990595,1.2,0.19240662075736165,4495580.257901225
19850.42120896587,0.23960750292360264,0.23960750292360264,0.7603924970763973,1.2,0.19242977488275964,4499339.493410805
19858.52004236738,0.2397148520382138,0.2397148520382138,0.7602851479617863,1.2,0.19245291440676396,4503097.498514393
19866.613787314036,0.23982211873504217,0.23982211873504217,0.7601778812649578,1.2,0.19247603939232583,4506854.279050708
19874.702465758088,0.23992930320362663,0.23992930320362663,0.7600706967963734,1.2,0.192499149902166,4510609.840842789
19882.786099571644,0.24003640563278084,0.2400364056327808,0.7599635943672192,1.2,0.19252224599877613,4514364.1896981085
19890.86471054716,0.24014342621059676,0.24014342621059676,0.7598565737894032,1.2,0.19254532774442046,4518117.331408667
19898.938320397992,0.2402503651244489,0.2402503651244489,0.7597496348755511,1.2,0.19256839520113714,4521869.27175112
19907.006950758874,0.24035722256099784,0.24035722256099787,0.7596427774390021,1.2,0.19259144843073966,4525620.016486853
19915.07062318644,0.24046399870619423,0.24046399870619423,0.7595360012938057,1.2,0.1926144874948184,4529369.571362104
19923.12935915973,0.24057069374528245,0.24057069374528245,0.7594293062547175,1.2,0.1926375124547421,4533117.942108069
19931.183180080683,0.2406773078628044,0.2406773078628044,0.7593226921371956,1.2,0.1926605233716591,4536865.1344409855
19939.232107274634,0.24078384124260316,0.24078384124260316,0.7592161587573969,1.2,0.19268352030649896,4540611.1540622525
19947.276161990823,0.24089029406782692,0.24089029406782692,0.7591097059321731,1.2,0.1927065033199738,4544356.006658525
19955.31536540286,0.24099666652093232,0.24099666652093232,0.7590033334790677,1.2,0.19272947247257963,4548099.697901811
19963.34973860923,0.24110295878368831,0.24110295878368831,0.7588970412163116,1.2,0.1927524278245978,4551842.233449578
19971.37930263377,0.24120917103717981,0.24120917103717981,0.7587908289628202,1.2,0.1927753694360965,4555583.618944846
19979.40407842614,0.24131530346181107,0.24131530346181107,0.7586846965381889,1.2,0.19279829736693185,4559323.860016289
19987.424086862327,0.2414213562373095,0.2414213562373095,0.7585786437626905,1.2,0.1928212116767495,4563062.962278336
19995.439348745076,0.24152732954272915,0.24152732954272915,0.7584726704572708,1.2,0.19284411242498595,4566800.931331257
20003.449884804402,0.2416332235564541,0.2416332235564541,0.7583667764435459,1.2,0.19286699967086973,4570537.772761278
20011.455715698026,0.24173903845620218,0.24173903845620218,0.7582609615437979,1.2,0.19288987347342293,4574273.4921406545
20019.45686201185,0.24184477441902824,0.24184477441902824,0.7581552255809718,1.2,0.19291273389146243,4578008.0950277895
20027.453344260422,0.24195043162132782,0.24195043162132782,0.7580495683786722,1.2,0.19293558098360122,4581741.586967318
20035.44518288739,0.24205601023884035,0.24205601023884035,0.7579439897611596,1.2,0.19295841480824968,4585473.973490194
20043.43239826594,0.24216151044665277,0.24216151044665277,0.7578384895533472,1.2,0.19298123542361698,4589205.2601138
20051.41501069927,0.2422669324192028,0.2422669324192028,0.7577330675807972,1.2,0.19300404288771222,4592935.452342028
20059.393040421033,0.24237227633028233,0.24237227633028233,0.7576277236697176,1.2,0.19302683725834582,4596664.55566538
20067.366507595765,0.24247754235304075,0.24247754235304075,0.7575224576469592,1.2,0.19304961859313077,4600392.575561056
20075.33543231934,0.2425827306599883,0.24258273065998834,0.7574172693400116,1.2,0.19307238694948384,4604119.517493043
20083.299834619414,0.24268784142299943,0.24268784142299943,0.7573121585770006,1.2,0.1930951423846269,4607845.386912218
20091.25973445584,0.2427928748133158,0.2427928748133158,0.7572071251866842,1.2,0.19311788495558813,4611570.189256419
20099.21515172113,0.24289783100154996,0.24289783100154996,0.7571021689984501,1.2,0.19314061471920324,4615293.929950559
20107.16610624086,0.2430027101576882,0.2430027101576882,0.7569972898423118,1.2,0.19316333173211675,4619016.614406696
20115.112617774103,0.24310751245109402,0.24310751245109402,0.756892487548906,1.2,0.19318603605078316,4622738.24802413
20123.054706013856,0.24321223805051118,0.24321223805051118,0.7567877619494888,1.2,0.1932087277314682,4626458.836189491
20130.992390587468,0.2433168871240669,0.2433168871240669,0.756683112875933,1.2,0.19323140683024992,4630178.384276828
20138.925691057037,0.24342145983927505,0.24342145983927505,0.756578540160725,1.2,0.19325407340302012,4633896.897647692
20146.854626919852,0.24352595636303923,0.24352595636303923,0.7564740436369608,1.2,0.1932767275054853,4637614.38165123
20154.779217608793,0.24363037686165587,0.24363037686165587,0.7563696231383441,1.2,0.19329936919316798,4641330.8416242665
20162.69948249273,0.2437347215008174,0.2437347215008174,0.7562652784991826,1.2,0.1933219985214078,4645046.28289139
20170.61544087695,0.24383899044561524,0.24383899044561527,0.7561610095543847,1.2,0.19334461554536272,4648760.710765039
20178.527112003558,0.24394318386054287,0.24394318386054287,0.7560568161394572,1.2,0.19336722032001016,4652474.130545588
20186.43451505186,0.2440473019094988,0.2440473019094988,0.7559526980905011,1.2,0.19338981290014817,4656186.547521431
20194.33766913879,0.24415134475578976,0.24415134475578976,0.7558486552442103,1.2,0.19341239334039656,4659897.966969067
20202.236593319285,0.2442553125621334,0.2442553125621334,0.7557446874378666,1.2,0.19343496169519797,4663608.394153179
20210.13130658669,0.24435920549066156,0.24435920549066156,0.7556407945093384,1.2,0.19345751801881914,4667317.834326728
20218.021827873148,0.24446302370292305,0.24446302370292303,0.755536976297077,1.2,0.19348006236535187,4671026.292731021
20225.90817604999,0.24456676735988656,0.24456676735988656,0.7554332326401134,1.2,0.19350259478871426,4674733.774595802
20233.790369928112,0.24467043662194363,0.24467043662194363,0.7553295633780563,1.2,0.19352511534265177,4678440.285139338
20241.668428258374,0.24477403164891162,0.24477403164891162,0.7552259683510884,1.2,0.19354762408073822,4682145.829568487
20249.54236973197,0.2448775526000364,0.2448775526000364,0.7551224473999636,1.2,0.19357012105637705,4685850.413078792
20257.41221298081,0.2449809996339954,0.2449809996339954,0.7550190003660047,1.2,0.1935926063228023,4689554.040854555
20265.2779765779,0.24508437290890023,0.24508437290890023,0.7549156270910997,1.2,0.19361507993307972,4693256.718068915
20273.13967903771,0.24518767258229973,0.24518767258229973,0.7548123274177003,1.2,0.19363754194010777,4696958.449883935
20280.99733881656,0.24529089881118266,0.24529089881118266,0.7547091011888174,1.2,0.19365999239661874,4700659.24145067
20288.85097431296,0.24539405175198045,0.24539405175198045,0.7546059482480195,1.2,0.1936824313551799,4704359.097909264
20296.700603868016,0.24549713156057004,0.24549713156057004,0.7545028684394299,1.2,0.19370485886819433,4708058.024389007
20304.546245765756,0.24560013839227654,0.24560013839227654,0.7543998616077234,1.2,0.19372727498790215,4711756.026008423
20312.38791823352,0.24570307240187603,0.24570307240187603,0.754296927598124,1.2,0.1937496797663815,4715453.107875352
20320.22563944231,0.2458059337435983,0.2458059337435983,0.7541940662564017,1.2,0.19377207325554946,4719149.275087018
20328.059427507153,0.2459087225711295,0.2459087225711295,0.7540912774288705,1.2,0.19379445550716332,4722844.532730112
20335.88930048744,0.24601143903761474,0.24601143903761474,0.7539885609623853,1.2,0.1938168265728213,4726538.885880862
20343.715276387305,0.24611408329566092,0.24611408329566092,0.753885916704339,1.2,0.19383918650396373,4730232.33960512
20351.537373155952,0.24621665549733926,0.24621665549733926,0.7537833445026607,1.2,0.19386153535187414,4733924.898958423
20359.355608688013,0.24631915579418792,0.24631915579418792,0.753680844205812,1.2,0.19388387316768005,4737616.568986077
20367.170000823906,0.24642158433721476,0.24642158433721476,0.7535784156627853,1.2,0.19390620000235403,4741307.354723236
20374.980567350165,0.24652394127689967,0.24652394127689967,0.7534760587231003,1.2,0.19392851590671478,4744997.261194957
20382.78732599978,0.24662622676319743,0.24662622676319743,0.7533737732368025,1.2,0.19395082093142796,4748686.293416299
20390.590294452555,0.24672844094554008,0.2467284409455401,0.7532715590544599,1.2,0.1939731151270073,4752374.45639238
20398.389490335423,0.24683058397283958,0.2468305839728396,0.7531694160271604,1.2,0.1939953985438155,4756061.755118454
20406.184931222804,0.24693265599349026,0.24693265599349026,0.7530673440065098,1.2,0.19401767123206518,4759748.194579985
20413.976634636925,0.2470346571553714,0.2470346571553714,0.7529653428446286,1.2,0.19403993324181978,4763433.779752718
20421.764618048157,0.2471365876058496,0.2471365876058496,0.7528634123941504,1.2,0.19406218462299474,4767118.515602753
20429.54889887534,0.24723844749178153,0.24723844749178153,0.7527615525082185,1.2,0.19408442542535811,4770802.407086608
20437.329494486115,0.24734023695951612,0.24734023695951612,0.7526597630404839,1.2,0.19410665569853178,4774485.459151311
20445.106422197263,0.24744195615489714,0.24744195615489714,0.7525580438451028,1.2,0.19412887549199218,4778167.6767344475
20452.879699274992,0.24754360522326566,0.24754360522326566,0.7524563947767343,1.2,0.19415108485507143,4781849.064764244
20460.649342935303,0.24764518430946236,0.24764518430946236,0.7523548156905376,1.2,0.19417328383695803,4785529.628159632
20468.41537034428,0.24774669355783013,0.24774669355783016,0.7522533064421698,1.2,0.19419547248669794,4789209.371830326
20476.17779861841,0.24784813311221626,0.24784813311221626,0.7521518668877838,1.2,0.19421765085319548,4792888.300676884
20483.936644824924,0.2479495031159749,0.2479495031159749,0.7520504968840251,1.2,0.19423981898521409,4796566.419590785
20491.69192598208,0.2480508037119695,0.24805080371196953,0.7519491962880305,1.2,0.1942619769313774,4800243.733454488
20499.443659059492,0.24815203504257502,0.24815203504257502,0.751847964957425,1.2,0.19428412474016998,4803920.247141512
20507.19186097844,0.24825319724968034,0.24825319724968034,0.7517468027503197,1.2,0.19430626245993843,4807595.965516494
20514.936548612175,0.24835429047469063,0.24835429047469063,0.7516457095253094,1.2,0.19432839013889194,4811270.893435262
20522.677738786224,0.2484553148585295,0.2484553148585295,0.7515446851414704,1.2,0.1943505078251035,4814945.0357449
20530.415448278694,0.2485562705416415,0.2485562705416415,0.7514437294583585,1.2,0.19437261556651056,4818618.397283823
20538.149693820593,0.2486571576639942,0.2486571576639942,0.7513428423360058,1.2,0.194394713410916,4822290.982881831
20545.8804920961,0.24875797636508062,0.24875797636508062,0.7512420236349193,1.2,0.19441680140598888,4825962.7973601855
20553.607859742897,0.24885872678392132,0.24885872678392135,0.7511412732160787,1.2,0.19443887959926542,4829633.845531673
20561.331813352437,0.24895940905906677,0.2489594090590668,0.7510405909409332,1.2,0.19446094803814984,4833304.132200666
20569.052369470264,0.24906002332859956,0.24906002332859956,0.7509399766714004,1.2,0.19448300676991503,4836973.662163196
20576.769544596293,0.24916056973013645,0.24916056973013645,0.7508394302698636,1.2,0.19450505584170372,4840642.440207019
20584.48335518511,0.24926104840083077,0.24926104840083077,0.7507389515991693,1.2,0.1945270953005289,4844310.47111167
20592.19381764626,0.24936145947737454,0.24936145947737454,0.7506385405226255,1.2,0.19454912519327505,4847977.759648543
20599.900948344537,0.24946180309600058,0.24946180309600058,0.7505381969039995,1.2,0.1945711455666987,4851644.310580942
20607.60476360027,0.2495620793924847,0.2495620793924847,0.7504379206075154,1.2,0.19459315646742936,4855310.128664152
20615.305279689608,0.2496622885021479,0.2496622885021479,0.7503377114978521,1.2,0.19461515794197032,4858975.218645501
20623.002512844807,0.2497624305598584,0.2497624305598584,0.7502375694401416,1.2,0.19463715003669946,4862639.585264424
20630.696479254515,0.24986250570003377,0.2498625057000338,0.7501374942999662,1.2,0.19465913279787006,4866303.233252529
20638.387195064046,0.2499625140566432,0.2499625140566432,0.7500374859433568,1.2,0.19468110627161156,4869966.167333651
20646.074676375665,0.2500624765722613,0.25006245576320935,0.7499375442367906,1.2,0.1947030705039305,4873628.797784955
20653.758939248863,0.25016247158463634,0.2501623309528106,0.7498376690471894,1.2,0.19472502554071106,4877292.654460256
20661.439999700637,0.2502625066350591,0.250262139758083,0.749737860241917,1.2,0.1947469714277161,4880957.888589325
20669.117873705753,0.250362581771662,0.2503618823112225,0.7496381176887775,1.2,0.19476890821058787,4884624.505411122
20676.79257719704,0.2504626970426738,0.25046155874398673,0.7495384412560133,1.2,0.1947908359348487,4888292.510163338
20684.464126065643,0.2505628524964202,0.25056116918769733,0.7494388308123027,1.2,0.19481275464590184,4891961.908082459
20692.132536161294,0.25066304818132373,0.25066071377324173,0.7493392862267583,1.2,0.1948346643890323,4895632.70440384
20699.797823292603,0.25076328414590454,0.2507601926310753,0.7492398073689247,1.2,0.19485656520940745,4899304.904361763
20707.460003227287,0.2508635604387801,0.25085960589122314,0.7491403941087769,1.2,0.19487845715207797,4902978.513189508
20715.119091692475,0.25096387710866597,0.25095895368328247,0.7490410463167175,1.2,0.1949003402619785,4906653.536119417
20722.77510437494,0.2510642342043758,0.2510582361364242,0.7489417638635758,1.2,0.19492221458392842,4910329.978382961
20730.428056921384,0.2511646317748216,0.2511574533793949,0.7488425466206051,1.2,0.19494408016263254,4914007.8452108
20738.077964938686,0.25126506986901426,0.2512566055405191,0.7487433944594809,1.2,0.19496593704268197,4917687.141832854
20745.72484399417,0.25136554853606347,0.25135569274770087,0.7486443072522991,1.2,0.1949877852685548,4921367.873478365
20753.368709615854,0.25146606782517833,0.25145471512842604,0.7485452848715739,1.2,0.19500962488461673,4925050.045375963
20761.009577292716,0.2515666277856674,0.2515536728097638,0.7484463271902362,1.2,0.19503145593512206,4928733.662753728
20768.64746247495,0.25166722846693923,0.2516525659183688,0.7483474340816312,1.2,0.19505327846421416,4932418.730839259
20776.282380574205,0.2517678699185023,0.251751394580483,0.748248605419517,1.2,0.1950750925159263,4936105.25485973
20783.914346963862,0.25186855218996557,0.2518501589219375,0.7481498410780625,1.2,0.19509689813418246,4939793.240041964
20791.54337697926,0.2519692753310387,0.25194885906815473,0.7480511409318453,1.2,0.1951186953627979,4943482.691612489
20799.16948591797,0.2520700393915323,0.2520474951441496,0.7479525048558504,1.2,0.19514048424547992,4947173.6147976015
20806.79268904002,0.2521708444213583,0.25214606727453215,0.7478539327254679,1.2,0.19516226482582863,4950866.014823443
20814.413001568162,0.2522716904705301,0.25224457558350877,0.7477554244164912,1.2,0.19518403714733762,4954559.896916043
20822.03043868811,0.25237257758916304,0.2523430201948844,0.7476569798051156,1.2,0.19520580125339462,4958255.2663014
20829.64501554878,0.2524735058274744,0.25244140123206427,0.7475585987679357,1.2,0.19522755718728224,4961952.128205526
20837.25674726254,0.2525744752357842,0.2525397188180556,0.7474602811819444,1.2,0.1952493049921787,4965650.48785453
20844.86564890546,0.25267548586451477,0.25263797307546937,0.7473620269245307,1.2,0.19527104471115847,4969350.350474668
20852.471735517527,0.25277653776419184,0.25273616412652233,0.7472638358734777,1.2,0.19529277638719295,4973051.721292405
20860.07502210291,0.25287763098544414,0.25283429209303854,0.7471657079069615,1.2,0.19531450006315118,4976754.605534484
20867.67552363019,0.2529787655790042,0.2529323570964512,0.7470676429035488,1.2,0.19533621578180055,4980459.008427983
20875.273255032593,0.25307994159570835,0.2530303592578045,0.7469696407421955,1.2,0.19535792358580742,4984164.935200381
20882.868231208235,0.2531811590864971,0.2531282986977553,0.7468717013022447,1.2,0.19537962351773783,4987872.391079612
20890.46046702034,0.2532824181024155,0.2532261755365748,0.7467738244634252,1.2,0.19540131562005814,4991581.381294138
20898.049977297494,0.2533837186946134,0.25332398989415017,0.7466760101058498,1.2,0.1954229999351357,4995291.911073003
20905.636776833864,0.25348506091434575,0.2534217418899868,0.7465782581100132,1.2,0.1954446765052396,4999003.985645896
20913.220880389435,0.2535864448129729,0.2535194316432092,0.7464805683567908,1.2,0.19546634537254126,5002717.610243214
20920.80230269023,0.2536878704419608,0.2536170592725633,0.7463829407274367,1.2,0.19548800657911494,5006432.790096121
20928.381058428557,0.2537893378528815,0.25371462489641794,0.7462853751035821,1.2,0.19550966016693874,5010149.530436609
20935.957162263214,0.2538908470974133,0.2538121286327666,0.7461878713672334,1.2,0.1955313061778949,5013867.83649756
20943.530628819735,0.25399239822734127,0.25390957059922875,0.7460904294007713,1.2,0.19555294465377068,5017587.713512812
20951.101472690603,0.25409399129455723,0.2540069509130521,0.745993049086948,1.2,0.19557457563625888,5021309.166717208
20958.669708435486,0.2541956263510604,0.25410426969111366,0.7458957303088863,1.2,0.19559619916695853,5025032.20134667
20966.235350581435,0.2542973034489573,0.2542015270499217,0.7457984729500783,1.2,0.19561781528737554,5028756.822638243
20973.798413623143,0.25439902264046255,0.2542987231056174,0.7457012768943826,1.2,0.1956394240389233,5032483.035830175
20981.358912023134,0.2545007839778989,0.25439585797397624,0.7456041420260238,1.2,0.19566102546292324,5036210.846161962
20988.916860211993,0.25460258751369746,0.25449293177040977,0.7455070682295902,1.2,0.1956826196006057,5039940.258874413
20996.472272588595,0.25470443330039827,0.25458994460996726,0.7454100553900327,1.2,0.1957042064931103,5043671.279209711
21004.025163520306,0.2548063213906504,0.2546868966073371,0.7453131033926629,1.2,0.1957257861814866,5047403.912411474
21011.575547343207,0.25490825183721244,0.2547837878768485,0.7452162121231515,1.2,0.19574735870669488,5051138.163724813
21019.123438362316,0.25501022469295276,0.25488061853247324,0.7451193814675268,1.2,0.19576892410960664,5054874.038396393
21026.668850851787,0.25511224001084953,0.2549773886878268,0.7450226113121732,1.2,0.1957904824310051,5058611.541674483
21034.21179905514,0.25521429784399174,0.25507409845617035,0.7449259015438296,1.2,0.19581203371158612,5062350.6788090365
21041.752297185456,0.2553163982455787,0.2551707479504119,0.744829252049588,1.2,0.19583357799195847,5066091.455051727
21049.290359425606,0.25541854126892105,0.2552673372831083,0.7447326627168918,1.2,0.1958551153126446,5069833.875656028
21056.825999928446,0.25552072696744055,0.25536386656646637,0.7446361334335336,1.2,0.19587664571408128,5073577.945877251
21064.359232817034,0.25562295539467095,0.25546033591234457,0.7445396640876554,1.2,0.19589816923662012,5077323.670972631
21071.890072184844,0.2557252266042578,0.2555567454322546,0.7444432545677454,1.2,0.19591968592052814,5081071.056201362
21079.41853209595,0.25582754064995894,0.25565309523736274,0.7443469047626372,1.2,0.19594119580598846,5084820.1068246635
21086.944626585268,0.255929897585645,0.25574938543849146,0.7442506145615085,1.2,0.19596269893310078,5088570.828105841
21094.46836965873,0.25603229746529976,0.2558456161461208,0.7441543838538792,1.2,0.1959841953418821,5092323.225310355
21101.9897752935,0.25613474034302014,0.25594178747039,0.74405821252961,1.2,0.19600568507226715,5096077.303705854
21109.508857438177,0.2562372262730167,0.2560378995210988,0.7439621004789012,1.2,0.1960271681641091,5099833.068562259
21117.025630013006,0.25633975530961417,0.25613395240770914,0.7438660475922909,1.2,0.19604864465718003,5103590.525151807
21124.54010691006,0.2564423275072515,0.25622994623934625,0.7437700537606537,1.2,0.1960701145911716,5107349.67874911
21132.05230199346,0.25654494292048236,0.2563258811248006,0.7436741188751994,1.2,0.1960915780056956,5111110.5346312225
21139.56222909956,0.2566476016039755,0.2564217571725287,0.7435782428274713,1.2,0.19611303494028445,5114873.098077696
21147.069902037158,0.25675030361251483,0.25651757449065515,0.7434824255093448,1.2,0.19613448543439188,5118637.374370629
21154.57533458768,0.25685304900100037,0.25661333318697366,0.7433866668130263,1.2,0.19615592952739339,5122403.368794739
21162.078540505398,0.25695583782444764,0.25670903336894874,0.7432909666310512,1.2,0.19617736725858687,5126171.086637405
21169.579533517597,0.257058670137989,0.25680467514371674,0.7431953248562833,1.2,0.19619879866719314,5129940.533188741
21177.078327324794,0.2571615459968733,0.25690025861808763,0.7430997413819124,1.2,0.19622022379235657,5133711.713741641
21184.57493560093,0.25726446545646653,0.25699578389854627,0.7430042161014537,1.2,0.19624164267314553,5137484.633591849
21192.06937199354,0.25736742857225214,0.25709125109125364,0.7429087489087464,1.2,0.19626305534855298,5141259.298038006
21199.561650123982,0.2574704353998313,0.2571866603020484,0.7428133396979516,1.2,0.1962844618574971,5145035.712381712
21207.051783587598,0.25757348599492325,0.25728201163644815,0.7427179883635519,1.2,0.1963058622388217,5148813.881927586
21214.539785953915,0.2576765804133659,0.25737730519965085,0.7426226948003491,1.2,0.1963272565312969,5152593.811983321
21222.025670766852,0.2577797187111158,0.2574725410965363,0.7425274589034637,1.2,0.19634864477361957,5156375.507859744
21229.509451544873,0.2578829009442488,0.2575677194316671,0.7424322805683329,1.2,0.19637002700441394,5160158.974870868
21236.99114178121,0.2579861271689603,0.25766284030929043,0.7423371596907096,1.2,0.19639140326223203,5163944.218333957
21244.47075494403,0.25808939744156534,0.2577579038333391,0.7422420961666609,1.2,0.1964127735855544,5167731.243569576
21251.94830447664,0.2581927118184997,0.25785291010743294,0.7421470898925671,1.2,0.19643413801279042,5171520.055901661
21259.42380379764,0.2582960703563192,0.2579478592348803,0.7420521407651197,1.2,0.19645549658227898,5175310.660657553
21266.897266301145,0.2583994731117011,0.25804275131867904,0.741957248681321,1.2,0.19647684933228898,5179103.063168082
21274.36870535695,0.2585029201414437,0.25813758646151796,0.741862413538482,1.2,0.19649819630101986,5182897.268767612
21281.838134310718,0.2586064115024673,0.25823236476577827,0.7417676352342217,1.2,0.19651953752660206,5186693.282794094
21289.305566484156,0.25870994725181395,0.25832708633353474,0.7416729136664653,1.2,0.1965408730470976,5190491.1105891215
21296.771015175214,0.2588135274466484,0.25842175126655687,0.7415782487334431,1.2,0.1965622029005006,5194290.757498012
21304.234493658245,0.2589171521442579,0.25851635966631037,0.7414836403336896,1.2,0.19658352712473784,5198092.228869829
21311.6960151842,0.2590208214020532,0.25861091163395833,0.7413890883660417,1.2,0.19660484575766915,5201895.530057465
21319.155592980806,0.2591245352775684,0.2587054072703623,0.7412945927296377,1.2,0.19662615883708803,5205700.666417691
21326.613240252733,0.2592282938284616,0.25879984667608413,0.7412001533239159,1.2,0.19664746640072212,5209507.643311205
21334.068970181797,0.25933209711251504,0.25889422995138645,0.7411057700486136,1.2,0.1966687684862337,5213316.466102703
21341.522795927107,0.2594359451876359,0.2589885571962345,0.7410114428037655,1.2,0.1966900651312203,5217127.140160928
21348.97473062527,0.2595398381118561,0.25908282851029707,0.7409171714897029,1.2,0.19671135637321507,5220939.670858727
21356.42478739054,0.2596437759433332,0.25917704399294783,0.7408229560070522,1.2,0.19673264224968726,5224754.063573109
21363.872979315023,0.25974775874035044,0.2592712037432664,0.7407287962567336,1.2,0.19675392279804294,5228570.323685309
21371.31931946883,0.2598517865613173,0.2593653078600401,0.7406346921399599,1.2,0.19677519805562524,5232388.456580828
21378.76382090025,0.2599558594647698,0.25945935644176416,0.7405406435582358,1.2,0.196796468059715,5236208.467649507
21386.206496635947,0.26005997750937093,0.259553349586644,0.740446650413356,1.2,0.1968177328475313,5240030.3622855805
21393.6473596811,0.2601641407539109,0.25964728739259585,0.7403527126074041,1.2,0.19683899245623174,5243854.14588772
21401.086423019606,0.2602683492573079,0.25974116995724783,0.7402588300427522,1.2,0.19686024692291318,5247679.823859111
21408.523699614223,0.260372603078608,0.2598349973779416,0.7401650026220584,1.2,0.19688149628461207,5251507.401607494
21415.959202406768,0.26047690227698583,0.25992876975173307,0.7400712302482669,1.2,0.19690274057830506,5255336.88454523
21423.392944318268,0.26058124691174495,0.2600224871753939,0.7399775128246061,1.2,0.19692397984090934,5259168.278089357
21430.824938249127,0.2606856370423182,0.26011614974541253,0.7398838502545875,1.2,0.19694521410928323,5263001.587661635
21438.255197079314,0.26079007272826793,0.26020975755799525,0.7397902424420048,1.2,0.19696644342022662,5266836.818688625
21445.683733668517,0.26089455402928696,0.26030331070906754,0.7396966892909325,1.2,0.1969876678104815,5270673.9766017245
21453.110560856312,0.2609990810051982,0.2603968092942753,0.7396031907057248,1.2,0.19700888731673233,5274513.066837239
21460.53569146233,0.26110365371595556,0.26049025340898546,0.7395097465910145,1.2,0.19703010197560666,5278354.094836427
21467.95913828642,0.26120827222164433,0.26058364314828775,0.7394163568517123,1.2,0.1970513118236755,5282197.066045567
21475.38091410883,0.26131293658248134,0.26067697860699546,0.7393230213930045,1.2,0.1970725168974538,5286041.985916012
21482.801031690356,0.26141764685881563,0.26077025987964664,0.7392297401203534,1.2,0.19709371723340102,5289888.859904242
21490.219503772507,0.26152240311112857,0.26086348706050533,0.7391365129394947,1.2,0.19711491286792146,5293737.6934719235
21497.636343077676,0.2616272054000346,0.26095666024356257,0.7390433397564374,1.2,0.1971361038373648,5297588.492085966
21505.0515623093,0.2617320537862813,0.2610497795225373,0.7389502204774627,1.2,0.19715729017802658,5301441.261218582
21512.465174152025,0.2618369483307501,0.261142844990878,0.7388571550091221,1.2,0.19717847192614865,5305296.006347342
21519.877191271862,0.2619418890944565,0.2612358567417632,0.7387641432582368,1.2,0.19719964911791962,5309152.732955226
21527.287626316356,0.2620468761385506,0.26132881486810294,0.738671185131897,1.2,0.1972208217894753,5313011.446530692
21534.696491914736,0.26215190952431733,0.2614217194625398,0.7385782805374602,1.2,0.19724198997689926,5316872.152567718
21542.103800678095,0.2622569893131771,0.26151457061744965,0.7384854293825504,1.2,0.19726315371622313,5320734.856565876
21549.50956519953,0.2623621155666861,0.26160736842494337,0.7383926315750566,1.2,0.19728431304342725,5324599.564030379
21556.913798054302,0.26246728834653676,0.26170011297686724,0.7382998870231328,1.2,0.19730546799444088,5328466.280472131
21564.316511800018,0.2625725077145582,0.26179280436480445,0.7382071956351955,1.2,0.19732661860514292,5332335.0114078075
21571.717718976754,0.2626777737327164,0.2618854426800759,0.7381145573199241,1.2,0.19734776491136216,5336205.762359884
21579.117432107243,0.2627830864631149,0.26197802801374137,0.7380219719862586,1.2,0.19736890694887785,5340078.53885671
21586.515663697017,0.2628884459679953,0.26207056045660065,0.7379294395433993,1.2,0.19739004475342006,5343953.346432571
21593.912426234565,0.2629938523097375,0.26216304009919433,0.7378369599008057,1.2,0.19741117836067018,5347830.190627727
21601.307732191493,0.26309930555086003,0.26225546703180497,0.7377445329681951,1.2,0.19743230780626142,5351709.076988491
21608.701594022674,0.26320480575402083,0.2623478413444583,0.7376521586555417,1.2,0.1974534331257791,5355590.011067266
21616.094024166414,0.26331035298201727,0.2624401631269239,0.737559836873076,1.2,0.1974745543547612,5359472.998422619
21623.48503504459,0.263415947297787,0.26253243246871655,0.7374675675312834,1.2,0.19749567152869885,5363358.04461933
21630.87463906281,0.263521588764408,0.2626246494590969,0.7373753505409031,1.2,0.1975167846830366,5367245.155228446
21638.262848610586,0.2636272774450994,0.2627168141870729,0.7372831858129272,1.2,0.1975378938531731,5371134.335827353
21645.64967606145,0.26373301340322164,0.26280892674140033,0.7371910732585997,1.2,0.1975589990744613,5375025.591999814
21653.035133773144,0.26383879670227695,0.2629009872105842,0.7370990127894158,1.2,0.197580100382209,5378918.929336045
21660.41923408774,0.26394462740590985,0.2629929956828795,0.7370070043171205,1.2,0.19760119781167926,5382814.353432755
21667.80198933182,0.26405050557790766,0.26308495224629225,0.7369150477537078,1.2,0.19762229139809093,5386711.869893217
21675.183411816604,0.2641564312822009,0.2631768569885805,0.7368231430114195,1.2,0.1976433811766189,5390611.48432733
21682.563513838115,0.26426240458286365,0.2632687099972555,0.7367312900027445,1.2,0.19766446718239464,5394513.202351651
21689.942307677324,0.2643684255441141,0.26336051135958216,0.7366394886404178,1.2,0.19768554945050665,5398417.029589482
21697.3198056003,0.2644744942303149,0.26345226116258047,0.7365477388374195,1.2,0.19770662801600086,5402322.971670911
21704.696019858355,0.26458061070597394,0.26354395949302645,0.7364560405069736,1.2,0.19772770291388103,5406231.034232876
21712.07096268821,0.2646867750357442,0.26363560643745276,0.7363643935625472,1.2,0.1977487741791092,5410141.222919223
21719.44464631212,0.2647929872844249,0.26372720208215,0.73627279791785,1.2,0.19776984184660606,5414053.543380759
21726.817082938032,0.2648992475169615,0.2638187465131675,0.7361812534868325,1.2,0.19779090595125154,5417968.001275313
21734.18828475974,0.26500555579844615,0.26391023981631434,0.7360897601836857,1.2,0.197811966527885,5421884.6022678
21741.558263957028,0.2651119121941186,0.26400168207716024,0.7359983179228398,1.2,0.1978330236113058,5425803.352030273
21748.927032695807,0.26521831676936614,0.2640930733810364,0.7359069266189636,1.2,0.19785407723627374,5429724.256241976
21756.294603128266,0.2653247695897244,0.2641844138130366,0.7358155861869634,1.2,0.19787512743750935,5433647.320589414
21763.660987393036,0.2654312707208777,0.2642757034580181,0.7357242965419819,1.2,0.19789617424969438,5437572.550766407
21771.026197615305,0.2655378202286594,0.2643669424006024,0.7356330575993977,1.2,0.1979172177074723,5441499.952474142
21778.390245906987,0.2656444181790528,0.2644581307251763,0.7355418692748237,1.2,0.19793825784544855,5445429.531421246
21785.753144366852,0.2657510646381911,0.264549268515893,0.735450731484107,1.2,0.197959294698191,5449361.29332382
21793.11490508068,0.26585775967235814,0.26464035585667234,0.7353596441433277,1.2,0.19798032830023052,5453295.24390553
21800.475540121406,0.26596450334798905,0.2647313928312025,0.7352686071687975,1.2,0.19800135868606117,5457231.388897644
21807.83506154925,0.2660712957316702,0.2648223795229404,0.7351776204770596,1.2,0.19802238589014073,5461169.73403909
21815.193481411872,0.26617813689014036,0.2649133160151128,0.7350866839848872,1.2,0.19804340994689107,5465110.285076527
21822.550811744517,0.26628502689029065,0.26500420239071704,0.7349957976092829,1.2,0.19806443089069864,5469053.047764398
21829.907064570147,0.26639196579916513,0.26509503873252205,0.734904961267478,1.2,0.19808544875591472,5472998.027864984
21837.262251899585,0.2664989536839617,0.2651858251230692,0.7348141748769308,1.2,0.19810646357685596,5476945.231148473
21844.61638573167,0.26660599061203194,0.26527656164467317,0.7347234383553268,1.2,0.19812747538780479,5480894.663393012
21851.969478053386,0.2667130766508822,0.2653672483794228,0.7346327516205772,1.2,0.19814848422300968,5484846.330384774
21859.32154084,0.2668202118681737,0.2654578854091819,0.7345421145908181,1.2,0.19816949011668572,5488800.237918004
21866.67258605521,0.2669273963317232,0.26554847281559024,0.7344515271844098,1.2,0.1981904931030149,5492756.391795094
21874.02262565129,0.2670346301095034,0.26563901068006435,0.7343609893199357,1.2,0.19821149321614656,5496714.797826631
21881.371671569214,0.2671419132696437,0.2657294990837984,0.7342705009162016,1.2,0.19823249049019775,5500675.461831463
21888.71973573881,0.2672492458804303,0.26581993810776483,0.7341800618922352,1.2,0.19825348495925377,5504638.389636759
21896.0668300789,0.26735662801030713,0.2659103278327158,0.7340896721672843,1.2,0.1982744766573683,5508603.587078065
21903.412966497424,0.2674640597278759,0.2660006683391831,0.7339993316608169,1.2,0.1982954656185641,5512571.059999364
21910.758156891596,0.26757154110189707,0.26609095970748,0.73390904029252,1.2,0.19831645187683314,5516540.814253145
21918.102413148026,0.2676790722012901,0.2661812020177011,0.7338187979822989,1.2,0.19833743546613722,5520512.855700447
21925.44574714288,0.26778665309513405,0.266271395349724,0.733728604650276,1.2,0.19835841642040825,5524487.190210941
21932.78817074199,0.267894283852668,0.26636153978320976,0.7336384602167902,1.2,0.19837939477354857,5528463.823662967
21940.12969580102,0.2680019645432916,0.2664516353976035,0.7335483646023965,1.2,0.1984003705594315,5532442.76194361
21947.47033416558,0.2681096952365659,0.2665416822721357,0.7334583177278643,1.2,0.19842134381190166,5536424.010948761
21954.810097671372,0.26821747600221324,0.26663168048582253,0.7333683195141775,1.2,0.19844231456477535,5540407.576583165
21962.14899814433,0.26832530691011836,0.2667216301174671,0.7332783698825329,1.2,0.19846328285184095,5544393.4647604935
21969.487047400755,0.2684331880303287,0.2668115312456598,0.7331884687543402,1.2,0.1984842487068593,5548381.681403407
21976.82425724744,0.2685411194330549,0.2669013839487797,0.7330986160512203,1.2,0.19850521216356412,5552372.232443606
21984.16063948183,0.2686491011886714,0.26699118830499485,0.7330088116950051,1.2,0.19852617325566238,5556365.123821898
21991.49620589213,0.26875713336771695,0.26708094439226304,0.732919055607737,1.2,0.19854713201683466,5560360.361488263
21998.83096825745,0.2688652160408951,0.26717065228833303,0.732829347711667,1.2,0.1985680884807356,5564357.951401902
22006.16493834796,0.2689733492790749,0.26726031207074497,0.732739687929255,1.2,0.19858904268099417,5568357.899531319
22013.498127924984,0.26908153315329114,0.2673499238168313,0.7326500761831687,1.2,0.19860999465121426,5572360.211854357
22020.830548741178,0.2691897677347453,0.2674394876037176,0.7325605123962824,1.2,0.1986309444249748,5576364.894358284
22028.162212540632,0.2692980530948057,0.2675290035083232,0.7324709964916768,1.2,0.1986518920358304,5580371.953039841
22035.493131059015,0.2694063893050085,0.26761847160736196,0.732381528392638,1.2,0.1986728375173115,5584381.393905308
22042.823316023714,0.2695147764370575,0.26770789197734335,0.7322921080226567,1.2,0.19869378090292492,5588393.222970566
22050.152779153963,0.2696232145628258,0.26779726469457277,0.7322027353054272,1.2,0.1987147222261542,5592407.446261158
22057.481532160975,0.2697317037543551,0.26788658983515257,0.7321134101648474,1.2,0.19873566152045993,5596424.0698123565
22064.809586748077,0.26984024408385743,0.2679758674749829,0.7320241325250171,1.2,0.19875659881928023,5600443.099669221
22072.136954610833,0.26994883562371486,0.26806509768976206,0.731934902310238,1.2,0.19877753415603097,5604464.541886658
22079.463647437202,0.2700574784464804,0.2681542805549877,0.7318457194450123,1.2,0.1987984675641063,5608488.402529499
22086.789676907636,0.27016617262487874,0.2682434161459573,0.7317565838540427,1.2,0.19881939907687896,5612514.6876725415
22094.11505469524,0.27027491823180627,0.268332504537769,0.731667495462231,1.2,0.1988403287277007,5616543.403400629
22101.43979246589,0.2703837153403323,0.2684215458053223,0.7315784541946777,1.2,0.19886125654990255,5620574.555808705
22108.763901878378,0.27049256402369926,0.2685105400233188,0.7314894599766812,1.2,0.19888218257679538,5624608.151001891
22116.08739458451,0.2706014643553232,0.26859948726626304,0.731400512733737,1.2,0.19890310684167004,5628644.195095524
22123.410282229284,0.2707104164087948,0.2686883876084629,0.7313116123915371,1.2,0.19892402937779796,5632682.694215252
22130.732576450988,0.2708194202578793,0.26877724112403095,0.731222758875969,1.2,0.1989449502184314,5636723.654497068
22138.054288881343,0.2709284759765178,0.2688660478868844,0.7311339521131156,1.2,0.19896586939680386,5640767.082087399
22145.37543114563,0.27103758363882724,0.2689548079707464,0.7310451920292536,1.2,0.1989867869461304,5644812.983143152
22152.69601486282,0.2711467433191014,0.26904352144914645,0.7309564785508536,1.2,0.19900770289960806,5648861.363831788
22160.016051645714,0.2712559550918111,0.2691321883954213,0.7308678116045787,1.2,0.19902861729041635,5652912.230331384
22167.33555310106,0.27136521903160543,0.2692208088827156,0.7307791911172844,1.2,0.19904953015171734,5656965.588830701
22174.654530829685,0.27147453521331144,0.2693093829839823,0.7306906170160177,1.2,0.19907044151665626,5661021.44552924
22181.97299642663,0.2715839037119357,0.269397910771984,0.7306020892280161,1.2,0.19909135141836182,5665079.806637321
22189.290961481285,0.2716933246026641,0.269486392319293,0.7305136076807071,1.2,0.19911225988994655,5669140.678376131
22196.608437577506,0.27180279796086293,0.2695748276982924,0.7304251723017077,1.2,0.19913316696450717,5673204.066977807
22203.925436293746,0.2719123238620793,0.26966321698117657,0.7303367830188234,1.2,0.199154072675125,5677269.978685487
22211.24196920319,0.2720219023820418,0.269751560239952,0.7302484397600479,1.2,0.19917497705486628,5681338.419753385
22218.55804787389,0.2721315335966613,0.26983985754643786,0.7301601424535622,1.2,0.19919588013678255,5685409.396446858
22225.873683868867,0.272241217582031,0.2699281089722667,0.7300718910277333,1.2,0.19921678195391107,5689482.915042454
22233.18888874628,0.2723509544144277,0.2700163145888853,0.7299836854111147,1.2,0.1992376825392751,5693558.981828013
22240.50367405952,0.27246074417031196,0.270104474467555,0.7298955255324451,1.2,0.19925858192588436,5697637.603102694
22247.81805135735,0.27257058692632896,0.27019258867935264,0.7298074113206474,1.2,0.1992794801467353,5701718.785177068
22255.13203218404,0.27268048275930923,0.27028065729517126,0.7297193427048287,1.2,0.19930037723481156,5705802.534373181
22262.44562807949,0.2727904317462687,0.2703686803857206,0.7296313196142794,1.2,0.19932127322308427,5709888.857024608
22269.758850579354,0.2729004339644102,0.27045665802152774,0.7295433419784723,1.2,0.19934216814451244,5713977.75947654
22277.071711215172,0.2730104894911233,0.2705445902729381,0.7294554097270619,1.2,0.19936306203204338,5718069.248085829
22284.3842215145,0.2731205984039853,0.27063247721011546,0.7293675227898846,1.2,0.19938395491861288,5722163.329221077
22291.69639300104,0.273230760780762,0.2707203189030434,0.7292796810969566,1.2,0.19940484683714585,5726260.009262688
22299.00823719475,0.2733409766994082,0.2708081154215252,0.7291918845784748,1.2,0.19942573782055645,5730359.294602949
22306.31976561199,0.2734512462380681,0.27089586683518513,0.7291041331648149,1.2,0.19944662790174855,5734461.191646081
22313.63098976565,0.27356156947507626,0.2709835732134686,0.7290164267865313,1.2,0.19946751711361616,5738565.706808325
22320.94192116526,0.2736719464889583,0.2710712346256431,0.7289287653743569,1.2,0.19948840548904362,5742672.846517998
22328.252571317138,0.27378237735843125,0.2711588511407987,0.7288411488592013,1.2,0.19950929306090612,5746782.617215569
22335.562951724503,0.2738928621624044,0.2712464228278487,0.7287535771721513,1.2,0.19953017986207003,5750895.025353729
22342.873073887604,0.27400340097998,0.2713339497555303,0.7286660502444697,1.2,0.19955106592539318,5755010.0773974545
22350.182949303853,0.27411399389045377,0.2714214319924053,0.7285785680075947,1.2,0.1995719512837253,5759127.77982407
22357.49258946794,0.2742246409733157,0.27150886960686055,0.7284911303931394,1.2,0.19959283596990843,5763248.13912334
22364.80200587198,0.27433534230825063,0.2715962626671087,0.7284037373328913,1.2,0.1996137200167771,5767371.161797521
22372.111210005623,0.2744460979751388,0.27168361124118867,0.7283163887588113,1.2,0.19963460345715894,5771496.85436143
22379.420213356178,0.27455690805405697,0.2717709153969666,0.7282290846030335,1.2,0.1996554863238748,5775625.223342528
22386.72902740875,0.27466777262527853,0.27185817520213607,0.7281418247978639,1.2,0.19967636864973928,5779756.2752809785
22394.037663646366,0.2747786917692746,0.271945390724219,0.7280546092757809,1.2,0.19969725046756107,5783890.016729724
22401.346133550098,0.27488966556671446,0.2720325620305662,0.7279674379694339,1.2,0.19971813181014314,5788026.4542545555
22408.654448599187,0.27500069409846634,0.2721196891883577,0.7278803108116423,1.2,0.1997390127102834,5792165.594434183
22415.962620271173,0.27511177744559817,0.27220677226460377,0.7277932277353962,1.2,0.1997598932007748,5796307.443860308
22423.270660042024,0.2752229156893781,0.2722938113261453,0.7277061886738547,1.2,0.1997807733144058,5800452.009137696
22430.578579386252,0.2753341089112754,0.27238080643965445,0.7276191935603455,1.2,0.19980165308396072,5804599.296884237
22437.88638977705,0.2754453571929609,0.2724677576716351,0.7275322423283649,1.2,0.19982253254222015,5808749.313731039
22445.19410268641,0.275556660616308,0.27255466508842385,0.7274453349115761,1.2,0.19984341172196118,5812902.066322481
22452.501729585263,0.275668019263393,0.27264152875618997,0.72735847124381,1.2,0.1998642906559579,5817057.561316294
22459.80928194358,0.2757794332164963,0.2727283487409366,0.7272716512590633,1.2,0.19988516937698167,5821215.805383636
22467.11677123053,0.27589090255810256,0.27281512510850103,0.727184874891499,1.2,0.19990604791780153,5825376.805209155
22474.42420891457,0.27600242737090175,0.27290185792455535,0.7270981420754447,1.2,0.1999269263111845,5829540.5674910685
22481.731606463603,0.27611400773778993,0.272988547254607,0.727011452745393,1.2,0.19994780458989603,5833707.098941243
22489.03897534509,0.27622564374186964,0.2730751931639992,0.7269248068360008,1.2,0.19996868278670027,5837876.406285254
22496.34632702618,0.276337335466451,0.273161795717912,0.726838204282088,1.2,0.19998956093436052,5842048.496262474
22503.65367297382,0.27644908299505205,0.27324835498136235,0.7267516450186376,1.2,0.2000104390656395,5846223.375626134
22510.96102465491,0.27656088641139986,0.27333487101920484,0.7266651289807952,1.2,0.20003131721329975,5850401.051143405
22518.268393536397,0.2766727457994309,0.27342134389613243,0.7265786561038676,1.2,0.200052195410104,5854581.529595471
22525.57579108543,0.2767846612432921,0.2735077736766768,0.7264922263233232,1.2,0.20007307368881552,5858764.817777603
22532.88322876947,0.27689663282734145,0.2735941604252088,0.7264058395747912,1.2,0.2000939520821985,5862950.922499243
22540.19071805642,0.27700866063614854,0.2736805042059396,0.7263194957940604,1.2,0.20011483062301835,5867139.850584064
22547.498270414737,0.2771207447544958,0.2737668050829204,0.7262331949170796,1.2,0.20013570934404212,5871331.608870052
22554.80589731359,0.2772328852673787,0.27385306312004365,0.7261469368799564,1.2,0.20015658827803884,5875526.2042095885
22562.11361022295,0.27734508226000687,0.2739392783810435,0.7260607216189565,1.2,0.20017746745777987,5879723.643469518
22569.421420613748,0.2774573358178047,0.27402545092949593,0.7259745490705041,1.2,0.2001983469160393,5883923.933531228
22576.729339957976,0.27756964602641215,0.2741115808288198,0.7258884191711802,1.2,0.20021922668559422,5888127.081290729
22584.037379728827,0.27768201297168543,0.2741976681422771,0.7258023318577229,1.2,0.20024010679922524,5892333.093658725
22591.345551400813,0.27779443673969795,0.2742837129329736,0.7257162870670264,1.2,0.2002609872897166,5896541.977560689
22598.653866449902,0.2779069174167409,0.27436971526385945,0.7256302847361406,1.2,0.20028186818985688,5900753.739936955
22605.962336353634,0.27801945508932413,0.2744556751977294,0.7255443248022706,1.2,0.20030274953243896,5904968.387742782
22613.27097259125,0.27813204984417683,0.2745415927972239,0.7254584072027761,1.2,0.20032363135026074,5909185.927948434
22620.579786643822,0.27824470176824845,0.27462746812482897,0.725372531875171,1.2,0.2003445136761252,5913406.367539263
22627.888789994377,0.27835741094870936,0.2747133012428774,0.7252866987571226,1.2,0.20036539654284108,5917629.713515783
22635.19799412802,0.27847017747295155,0.2747990922135486,0.7252009077864514,1.2,0.20038627998322292,5921855.972893754
22642.50741053206,0.27858300142858994,0.27488484109886974,0.7251151589011302,1.2,0.2004071640300916,5926085.1527042575
22649.817050696147,0.2786958829034623,0.27497054796071585,0.7250294520392842,1.2,0.20042804871627473,5930317.259993775
22657.126926112396,0.27880882198563095,0.27505621286081056,0.7249437871391895,1.2,0.20044893407460684,5934552.301824274
22664.437048275497,0.27892181876338284,0.2751418358607265,0.7248581641392735,1.2,0.20046982013793,5938790.285273279
22671.747428682862,0.2790348733252308,0.2752274170218859,0.7247725829781141,1.2,0.2004907069390939,5943031.217433961
22679.05807883474,0.2791479857599142,0.2753129564055611,0.7246870435944389,1.2,0.2005115945109564,5947275.105415207
22686.36901023435,0.2792611561563998,0.27539845407287494,0.7246015459271251,1.2,0.20053248288638387,5951521.956341721
22693.680234388008,0.27937438460388253,0.27548391008480144,0.7245160899151986,1.2,0.20055337209825147,5955771.777354082
22700.99176280525,0.2794876711917862,0.2755693245021662,0.7244306754978338,1.2,0.20057426217944357,5960024.5756088365
22708.303606998958,0.2796010160097646,0.27565469738564685,0.7243453026143531,1.2,0.20059515316285417,5964280.358278584
22715.615778485495,0.27971441914770206,0.27574002879577386,0.7242599712042261,1.2,0.20061604508138714,5968539.132552053
22722.928288784828,0.2798278806957145,0.2758253187929306,0.7241746812070694,1.2,0.20063693796795665,5972800.905634186
22730.241149420646,0.27994140074415,0.2759105674373542,0.7240894325626458,1.2,0.20065783185548758,5977065.6847462235
22737.554371920512,0.28005497938359003,0.27599577478913573,0.7240042252108643,1.2,0.20067872677691576,5981333.477125784
22744.86796781596,0.2801686167048497,0.2760809409082211,0.7239190590917789,1.2,0.20069962276518846,5985604.290026947
22752.18194864265,0.2802823127989794,0.27616606585441106,0.7238339341455889,1.2,0.20072051985326472,5989878.13072035
22759.496325940483,0.28039606775726494,0.2762511496873622,0.7237488503126378,1.2,0.20074141807411566,5994155.006493248
22766.81111125372,0.2805098816712287,0.27633619246658697,0.723663807533413,1.2,0.20076231746072493,5998434.924649623
22774.126316131133,0.2806237546326306,0.2764211942514545,0.7235788057485455,1.2,0.20078321804608895,6002717.892510253
22781.44195212611,0.2807376867334687,0.27650615510119103,0.723493844898809,1.2,0.20080411986321747,6007003.917412802
22788.75803079681,0.28085167806598027,0.2765910750748801,0.7234089249251199,1.2,0.20082502294513374,6011293.006711904
22796.074563706254,0.2809657287226426,0.2766759542314635,0.7233240457685365,1.2,0.20084592732487502,6015585.167779256
22803.391562422494,0.2810798387961738,0.27676079262974146,0.7232392073702585,1.2,0.20086683303549285,6019880.4080036925
22810.709038518715,0.2811940083795339,0.2768455903283729,0.7231544096716271,1.2,0.20088774011005348,6024178.734791284
22818.02700357337,0.2813082375659254,0.2769303473858766,0.7230696526141234,1.2,0.2009086485816382,6028480.155565412
22825.345469170315,0.2814225264487944,0.2770150638606308,0.7229849361393692,1.2,0.20092955848334376,6032784.677766868
22832.66444689894,0.2815368751218315,0.27709973981087455,0.7229002601891255,1.2,0.2009504698482827,6037092.308853932
22839.983948354282,0.28165128367897263,0.2771843752947074,0.7228156247052926,1.2,0.20097138270958367,6041403.0563024655
22847.303985137176,0.2817657522143998,0.27726897037009035,0.7227310296299096,1.2,0.20099229710039196,6045716.927605997
22854.624568854368,0.28188028082254235,0.2773535250948461,0.7226464749051539,1.2,0.20101321305386963,6050033.930275816
22861.945711118657,0.2819948695980775,0.27743803952665974,0.7225619604733402,1.2,0.20103413060319617,6054354.07184105
22869.267423549012,0.2821095186359315,0.27752251372307885,0.7224774862769212,1.2,0.2010550497815686,6058677.359848767
22876.589717770716,0.2822242280312805,0.2776069477415143,0.7223930522584857,1.2,0.20107597062220206,6063003.801864062
22883.91260541549,0.2823389978795513,0.27769134163924036,0.7223086583607596,1.2,0.20109689315833,6067333.405470141
22891.236098121626,0.2824538282764226,0.2777756954733956,0.7222243045266044,1.2,0.20111781742320464,6071666.17826842
22898.56020753411,0.28256871931782573,0.277860009300983,0.722139990699017,1.2,0.20113874345009747,6076002.127878608
22905.88494530476,0.2826836710999454,0.2779442831788703,0.7220557168211297,1.2,0.20115967127229933,6080341.261938804
22913.210323092364,0.2827986837192211,0.27802851716379107,0.7219714828362089,1.2,0.20118060092312107,6084683.5881055845
22920.536352562798,0.28291375727234763,0.2781127113123443,0.7218872886876557,1.2,0.20120153243589373,6089029.114054103
22927.863045389167,0.28302889185627633,0.27819686568099544,0.7218031343190046,1.2,0.20122246584396905,6093377.847478175
22935.190413251923,0.28314408756821574,0.27828098032607684,0.7217190196739232,1.2,0.2012434011807198,6097729.796090363
22942.518467839025,0.28325934450563284,0.2783650553037877,0.7216349446962123,1.2,0.2012643384795401,6102084.9676220985
22949.847220846037,0.283374662766254,0.2784490906701951,0.7215509093298049,1.2,0.20128527777384583,6106443.3698237445
22957.176683976286,0.28349004244806564,0.27853308648123387,0.7214669135187661,1.2,0.2013062190970751,6110805.0104647
22964.506868940985,0.2836054836493155,0.2786170427927077,0.7213829572072923,1.2,0.20132716248268853,6115169.8973335065
22971.837787459368,0.2837209864685135,0.27870095966028907,0.7212990403397109,1.2,0.20134810796416963,6119538.038237924
22979.169451258822,0.28383655100443284,0.27878483713951946,0.7212151628604806,1.2,0.2013690555750252,6123909.441005039
22986.501872075012,0.2839521773561108,0.2788686752858106,0.7211313247141894,1.2,0.20139000534878576,6128284.113481354
22993.83506165204,0.28406786562284975,0.27895247415444413,0.7210475258455559,1.2,0.20141095731900585,6132662.06353289
23001.169031742545,0.2841836159042184,0.2790362338005725,0.7209637661994275,1.2,0.20143191151926443,6137043.299045271
23008.50379410787,0.28429942830005256,0.279119954279219,0.720880045720781,1.2,0.20145286798316536,6141427.827923839
23015.83936051817,0.284415302910456,0.27920363564527856,0.7207963643547215,1.2,0.20147382674433764,6145815.658093731
23023.17574275256,0.2845312398358021,0.279287277953518,0.720712722046482,1.2,0.2014947878364359,6150206.797499991
23030.51295259925,0.2846472391767338,0.27937088125857623,0.7206291187414238,1.2,0.20151575129314073,6154601.254107665
23037.85100185567,0.2847633010341658,0.27945444561496524,0.7205455543850348,1.2,0.20153671714815907,6158999.035901897
23045.189902328628,0.2848794255092847,0.27953797107706985,0.7204620289229302,1.2,0.20155768543522468,6163400.15088803
23052.52966583442,0.28499561270355056,0.2796214576991486,0.7203785423008514,1.2,0.20157865618809837,6167804.607091706
23059.87030419898,0.2851118627186976,0.2797049055353339,0.7202950944646661,1.2,0.20159962944056853,6172212.412558964
23067.21182925801,0.2852281756567353,0.2797883146396326,0.7202116853603674,1.2,0.20162060522645145,6176623.575356339
23074.55425285712,0.28534455161994987,0.2798716850659263,0.7201283149340737,1.2,0.20164158357959178,6181038.103570974
23081.897586851974,0.28546099071090447,0.27995501686797186,0.7200449831320281,1.2,0.2016625645338628,6185456.005310702
23089.241843108404,0.28557749303244107,0.2800383100994016,0.7199616899005984,1.2,0.20168354812316688,6189877.288704163
23096.587033502576,0.28569405868768094,0.28012156481372386,0.7198784351862761,1.2,0.20170453438143593,6194301.961900904
23103.9331699211,0.2858106877800263,0.28020478106432356,0.7197952189356764,1.2,0.20172552334263172,6198730.03307148
23111.28026426119,0.2859273804131607,0.2802879589044621,0.7197120410955379,1.2,0.20174651504074625,6203161.510407551
23118.628328430786,0.28604413669105055,0.2803710983872785,0.7196289016127215,1.2,0.20176750950980227,6207596.402121995
23125.97737434871,0.2861609567179461,0.2804541995657888,0.7195458004342112,1.2,0.20178850678385346,6212034.716449001
23133.32741394479,0.28627784059838257,0.2805372624928876,0.7194627375071124,1.2,0.20180950689698512,6216476.461644195
23140.67845916,0.28639478843718114,0.28062028722134746,0.7193797127786525,1.2,0.2018305098833143,6220921.645984721
23148.030521946614,0.28651180033945,0.2807032738038199,0.7192967261961801,1.2,0.20185151577699034,6225370.277769355
23155.38361426833,0.2866288764105857,0.28078622229283556,0.7192137777071644,1.2,0.20187252461219524,6229822.36531862
23162.737748100415,0.2867460167562741,0.2808691327408046,0.7191308672591954,1.2,0.20189353642314406,6234277.91697488
23170.092935429853,0.2868632214824912,0.2809520052000172,0.7190479947999828,1.2,0.2019145512440853,6238736.941102444
23177.449188255483,0.286980490695505,0.28103483972264376,0.7189651602773562,1.2,0.20193556910930138,6243199.446087702
23184.806518588128,0.2870978245018758,0.2811176363607353,0.7188823636392647,1.2,0.20195659005310895,6247665.440339194
23192.16493845075,0.2872152230084578,0.2812003951662242,0.7187996048337758,1.2,0.2019776141098593,6252134.9322877405
23199.524459878594,0.2873326863224003,0.28128311619092405,0.718716883809076,1.2,0.20199864131393885,6256607.930386558
23206.88509491932,0.2874502145511485,0.2813657994865303,0.7186342005134697,1.2,0.2020196716997695,6261084.44311135
23214.246855633148,0.28756780780244473,0.28144844510462075,0.7185515548953793,1.2,0.202040705301809,6265564.478960421
23221.609754093013,0.2876854661843299,0.28153105309665566,0.7184689469033443,1.2,0.20206174215455147,6270048.046454798
23228.973802384695,0.2878031898051444,0.28161362351397834,0.7183863764860217,1.2,0.2020827822925277,6274535.154138345
23236.339012606964,0.2879209787735293,0.2816961564078154,0.7183038435921846,1.2,0.20210382575030564,6279025.810577845
23243.705396871734,0.2880388331984275,0.2817786518292772,0.7182213481707228,1.2,0.20212487256249068,6283520.0243631415
23251.072967304193,0.28815675318908485,0.281861109829358,0.718138890170642,1.2,0.20214592276372628,6288017.804107246
23258.441736042972,0.2882747388550517,0.28194353045893683,0.7180564695410632,1.2,0.20216697638869421,6292519.15844644
23265.81171524026,0.2883927903061836,0.2820259137687773,0.7179740862312227,1.2,0.20218803347211503,6297024.096040399
23273.182917061968,0.28851090765264265,0.2821082598095281,0.7178917401904719,1.2,0.20220909404874848,6301532.6255723005
23280.55535368788,0.288629091004899,0.2821905686317237,0.7178094313682764,1.2,0.20223015815339396,6306044.755748952
23287.929037311787,0.2887473404737314,0.2822728402857844,0.7177271597142156,1.2,0.20225122582089083,6310560.495300874
23295.30398014164,0.2888656561702294,0.2823550748220167,0.7176449251779833,1.2,0.202272297086119,6315079.852982467
23302.6801943997,0.28898403820579344,0.2824372722906139,0.7175627277093861,1.2,0.20229337198399916,6319602.837572076
23310.057692322676,0.2891024866921369,0.28251943274165586,0.7174805672583442,1.2,0.20231445054949337,6324129.457872145
23317.436486161885,0.289221001741287,0.2826015562251102,0.7173984437748898,1.2,0.20233553281760538,6328659.72270931
23324.816588183396,0.2893395834655861,0.28268364279083213,0.7173163572091679,1.2,0.20235661882338116,6333193.640934535
23332.19801066818,0.2894582319776928,0.2827656924885647,0.7172343075114354,1.2,0.2023777086019091,6337731.2214232255
23339.58076591226,0.2895769473905835,0.2828477053679396,0.7171522946320604,1.2,0.20239880218832076,6342272.473075333
23346.96486622686,0.28969572981755337,0.28292968147847714,0.7170703185215228,1.2,0.20241989961779103,6346817.404815505
23354.35032393855,0.2898145793722177,0.28301162086958676,0.7169883791304132,1.2,0.20244100092553874,6351366.025593177
23361.737151389414,0.2899334961685133,0.2830935235905673,0.7169064764094327,1.2,0.20246210614682691,6355918.34438271
23369.12536093719,0.2900524803206995,0.2831753896906073,0.7168246103093927,1.2,0.20248321531696342,6360474.370183509
23376.51496495541,0.29017153194335976,0.28325721921878577,0.7167427807812142,1.2,0.20250432847130118,6365034.112020136
23383.905975833586,0.2902906511514025,0.2833390122240718,0.7166609877759282,1.2,0.20252544564523883,6369597.578942448
23391.298405977326,0.29040983806006304,0.2834207687553255,0.7165792312446745,1.2,0.20254656687422093,6374164.780025714
23398.692267808507,0.29052909278490424,0.28350248886129814,0.7164975111387019,1.2,0.2025676921937386,6378735.724370733
23406.087573765435,0.2906484154418183,0.2835841725906324,0.7164158274093676,1.2,0.20258882163932984,6383310.421103973
23413.484336302983,0.2907678061470278,0.2836658199918628,0.7163341800081372,1.2,0.20260995524657996,6387888.879377676
23420.882567892757,0.29088726501708706,0.28374743111341616,0.7162525688865838,1.2,0.20263109305112217,6392471.108370011
23428.282281023246,0.29100679216888353,0.2838290060036116,0.7161709939963884,1.2,0.20265223508863786,6397057.1172851715
23435.683488199982,0.2911263877196392,0.28391054471066124,0.7160894552893388,1.2,0.2026733813948571,6401646.915353527
23443.086201945694,0.29124605178691176,0.28399204728267025,0.7160079527173298,1.2,0.20269453200555915,6406240.511831738
23450.49043480047,0.29136578448859596,0.28407351376763745,0.7159264862323625,1.2,0.20271568695657277,6410837.916002887
23457.8961993219,0.29148558594292523,0.28415494421345544,0.7158450557865446,1.2,0.2027368462837769,6415439.13717661
23465.30350808526,0.2916054562684726,0.28423633866791076,0.7157636613320892,1.2,0.20275801002310076,6420044.184689225
23472.712373683644,0.2917253955841526,0.2843176971786848,0.7156823028213152,1.2,0.2027791782105247,6424653.067903862
23480.122808728138,0.29184540400922215,0.2843990197933537,0.7156009802066463,1.2,0.2028003508820804,6429265.796210597
23487.534825847975,0.2919654816632821,0.2844803065593883,0.7155196934406117,1.2,0.20282152807385137,6433882.3790265815
23494.9484376907,0.29208562866627896,0.28456155752415546,0.7154384424758445,1.2,0.20284270982197344,6438502.825796173
23502.363656922324,0.29220584513850567,0.28464277273491745,0.7153572272650826,1.2,0.20286389616263523,6443127.145991073
23509.780496227493,0.2923261312006035,0.28472395223883296,0.715276047761167,1.2,0.20288508713207856,6447755.34911046
23517.198968309644,0.2924464869735634,0.2848050960829568,0.7151949039170432,1.2,0.202906282766599,6452387.444681124
23524.61908589117,0.29256691257872713,0.28488620431424067,0.7151137956857594,1.2,0.2029274831025462,6457023.442257599
23532.04086171358,0.29268740813778893,0.2849672769795333,0.7150327230204667,1.2,0.20294868817632453,6461663.3514223
23539.46430853767,0.2928079737727971,0.28504831412558085,0.7149516858744192,1.2,0.20296989802439336,6466307.1817856645
23546.889439143688,0.29292860960615497,0.28512931579902706,0.7148706842009729,1.2,0.2029911126832677,6470954.942986288
23554.316266331483,0.29304931576062276,0.2852102820464138,0.7147897179535863,1.2,0.20301233218951853,6475606.644691058
23561.744802920686,0.2931700923593189,0.28529121291418114,0.7147087870858189,1.2,0.2030335565797734,6480262.296595291
23569.175061750873,0.2932909395257215,0.2853721084486678,0.7146278915513322,1.2,0.2030547858907168,6484921.908422889
23576.607055681732,0.2934118573836698,0.2854529686961115,0.7145470313038885,1.2,0.20307602015909068,6489585.4899264565
23584.040797593232,0.29353284605736574,0.2855337937026491,0.7144662062973509,1.2,0.20309725942169496,6494253.050887461
23591.476300385777,0.29365390567137534,0.2856145835143171,0.7143854164856829,1.2,0.20311850371538795,6498924.601116363
23598.913576980394,0.2937750363506302,0.28569533817705184,0.7143046618229482,1.2,0.20313975307708684,6503600.150452762
23606.3526403189,0.293896238220429,0.2857760577366898,0.7142239422633102,1.2,0.20316100754376828,6508279.708765544
23613.793503364053,0.29401751140643917,0.28585674223896795,0.714143257761032,1.2,0.20318226715246873,6512963.285953021
23621.23617909975,0.29413885603469836,0.28593739172952387,0.7140626082704762,1.2,0.203203531940285,6517650.8919430785
23628.68068053117,0.29426027223161566,0.2860180062538965,0.7139819937461035,1.2,0.20322480194437478,6522342.536693312
23636.127020684977,0.2943817601239736,0.2860985858575259,0.7139014141424741,1.2,0.2032460772019571,6527038.230191195
23643.57521260946,0.2945033198389293,0.28617913058575384,0.7138208694142462,1.2,0.20326735775031277,6531737.982454202
23651.02526937473,0.29462495150401635,0.28625964048382413,0.7137403595161759,1.2,0.20328864362678498,6536441.803529971
23658.477204072893,0.29474665524714616,0.2863401155968829,0.7136598844031171,1.2,0.2033099348687797,6541149.703496449
23665.931029818203,0.2948684311966095,0.2864205559699786,0.7135794440300214,1.2,0.2033312315137663,6545861.692462034
23673.386759747267,0.29499027948107837,0.28650096164806277,0.7134990383519373,1.2,0.2033525335992779,6550577.780565749
23680.844407019194,0.29511220022960705,0.28658133267598995,0.71341866732401,1.2,0.203373841162912,6555297.977977358
23688.3039848158,0.29523419357163444,0.28666166909851815,0.7133383309014818,1.2,0.20339515424233087,6560022.294897552
23695.765506341755,0.295356259636985,0.2867419709603091,0.7132580290396908,1.2,0.20341647287526218,6564750.741558077
23703.228984824786,0.29547839855587044,0.2868222383059286,0.7131777616940713,1.2,0.2034377970994994,6569483.328221901
23710.694433515844,0.29560061045889197,0.28690247117984674,0.7130975288201533,1.2,0.2034591269529024,6574220.065183369
23718.161865689282,0.2957228954770411,0.2869826696264381,0.7130173303735619,1.2,0.20348046247339796,6578960.962768346
23725.63129464305,0.2958452537417018,0.2870628336899822,0.7129371663100178,1.2,0.20350180369898016,6583706.031334392
23733.102733698855,0.295967685384652,0.28714296341466383,0.7128570365853362,1.2,0.20352315066771104,6588455.2812709
23740.57619620236,0.29609019053806507,0.287223058844573,0.712776941155427,1.2,0.20354450341772104,6593208.722999263
23748.05169552336,0.2962127693345119,0.28730312002370567,0.7126968799762943,1.2,0.2035658619872096,6597966.36697304
23755.529245055965,0.29633542190696216,0.2873831469959637,0.7126168530040363,1.2,0.20358722641444563,6602728.223678104
23763.00885821879,0.29645814838878626,0.28746313980515525,0.7125368601948447,1.2,0.203608596737768,6607494.303632806
23770.490548455127,0.29658094891375686,0.28754309849499515,0.7124569015050048,1.2,0.20362997299558608,6612264.617388138
23777.974329233148,0.29670382361605063,0.28762302310910487,0.7123769768908952,1.2,0.20365135522638045,6617039.175527895
23785.460214046085,0.29682677263025015,0.2877029136910132,0.7122970863089868,1.2,0.20367274346870312,6621817.988668841
23792.948216412406,0.2969497960913451,0.2877827702841563,0.7122172297158438,1.2,0.2036941377611783,6626601.06746086
23800.438349876018,0.29707289413473476,0.2878625929318779,0.7121374070681221,1.2,0.20371553814250293,6631388.422587143
23807.93062800646,0.297196066896229,0.2879423816774298,0.7120576183225702,1.2,0.20373694465144704,6636180.064764335
23815.42506439907,0.2973193145120506,0.2880221365639721,0.7119778634360279,1.2,0.2037583573268545,6640976.004742711
23822.921672675206,0.29744263711883656,0.28810185763457313,0.7118981423654269,1.2,0.20377977620764345,6645776.253306345
23830.420466482403,0.2975660348536403,0.28818154493221027,0.7118184550677897,1.2,0.20380120133280688,6650580.821273265
23837.921459494602,0.29768950785393306,0.2882611984997698,0.7117388015002302,1.2,0.20382263274141316,6655389.71949565
23845.42466541232,0.29781305625760585,0.2883408183800473,0.7116591816199527,1.2,0.20384407047260664,6660202.958859969
23852.930097962842,0.29793668020297126,0.2884204046157481,0.7115795953842519,1.2,0.20386551456560814,6665020.550287172
23860.43777090044,0.29806037982876527,0.2884999572494871,0.7115000427505129,1.2,0.20388696505971557,6669842.504732863
23867.94769800654,0.298184155274149,0.2885794763237896,0.7114205236762103,1.2,0.20390842199430442,6674668.833187459
23875.45989308994,0.2983080066787106,0.2886589618810911,0.7113410381189089,1.2,0.20392988540882842,6679499.546676386
23882.974369986994,0.29843193418246705,0.28873841396373773,0.7112615860362623,1.2,0.20395135534282,6684334.656260232
23890.491142561823,0.298555937925866,0.28881783261398664,0.7111821673860134,1.2,0.20397283183589093,6689174.173034943
23898.0102247065,0.2986800180497877,0.28889721787400613,0.7111027821259939,1.2,0.20399431492773287,6694018.108131983
23905.53163034127,0.2988041746955469,0.2889765697858758,0.7110234302141242,1.2,0.20401580465811792,6698866.472718531
23913.05537341473,0.29892840800489423,0.2890558883915871,0.710944111608413,1.2,0.20403730106689924,6703719.277997641
23920.58146790405,0.299052718120019,0.2891351737330433,0.7108648262669567,1.2,0.20405880419401157,6708576.5352084385
23928.109927815156,0.2991771051835504,0.2892144258520601,0.7107855741479399,1.2,0.2040803140794719,6713438.255626295
23935.640767182966,0.29930156933855956,0.28929364479036535,0.7107063552096347,1.2,0.2041018307633799,6718304.4505630145
23943.174000071554,0.2994261107285615,0.2893728305895997,0.7106271694104003,1.2,0.20412335428591874,6723175.131367005
23950.709640574394,0.29955072949751727,0.2894519832913171,0.7105480167086828,1.2,0.20414488468735542,6728050.309423482
23958.247702814544,0.29967542578983536,0.28953110293698436,0.7104688970630156,1.2,0.20416642200804155,6732929.99615464
23965.78820094486,0.29980019975037436,0.2896101895679818,0.7103898104320182,1.2,0.2041879662884139,6737814.203019847
23973.331149148213,0.2999250515244444,0.28968924322560374,0.7103107567743963,1.2,0.2042095175689949,6742702.9415158285
23980.876561637684,0.3000499812578091,0.28976826395105826,0.7102317360489417,1.2,0.20423107589039338,6747596.223176853
23988.424452656793,0.30017498909668805,0.28984725178546766,0.7101527482145323,1.2,0.20425264129330514,6752494.059574942
23995.974836479694,0.30030007518775825,0.2899262067698689,0.7100737932301311,1.2,0.20427421381851343,6757396.462320023
24003.527727411405,0.3004252396781566,0.29000512894521363,0.7099948710547863,1.2,0.20429579350688973,6762303.443060163
24011.083139788007,0.30055048271548135,0.29008401835236836,0.7099159816476317,1.2,0.20431738039939432,6767215.013481743
24018.641087976866,0.3006758044477948,0.2901628750321149,0.7098371249678851,1.2,0.20433897453707678,6772131.185309644
24026.201586376857,0.30080120502362473,0.2902416990251506,0.7097583009748494,1.2,0.20436057596107673,6777051.970307459
24033.764649418565,0.3009266845919669,0.2903204903720886,0.7096795096279114,1.2,0.20438218471262448,6781977.380277679
24041.330291564514,0.3010522433022868,0.2903992491134577,0.7096007508865423,1.2,0.2044038008330415,6786907.4270619
24048.898527309393,0.30117788130452205,0.2904779752897032,0.7095220247102968,1.2,0.20442542436374114,6791842.122541016
24056.469371180265,0.3013035987490841,0.2905566689411867,0.7094433310588133,1.2,0.20444705534622934,6796781.478635416
24064.042837736786,0.3014293957868607,0.2906353301081866,0.7093646698918135,1.2,0.2044686938221051,6801725.507305199
24071.618941571443,0.30155527256921777,0.2907139588308982,0.7092860411691018,1.2,0.20449033983306128,6806674.22055036
24079.19769730977,0.30168122924800156,0.2907925551494339,0.7092074448505661,1.2,0.20451199342088505,6811627.630411005
24086.779119610568,0.301807265975541,0.2908711191038237,0.7091288808961763,1.2,0.20453365462745876,6816585.748967557
24094.363223166136,0.3019333829046495,0.2909496507340149,0.7090503492659851,1.2,0.2045553234947604,6821548.588340952
24101.950022702506,0.30205958018862733,0.29102815007987315,0.7089718499201269,1.2,0.20457700006486432,6826516.160692856
24109.539532979663,0.3021858579812639,0.2911066171811818,0.7088933828188182,1.2,0.20459868437994191,6831488.478225877
24117.13176879177,0.3023122164368396,0.29118505207764295,0.7088149479223571,1.2,0.2046203764822622,6836465.55318375
24124.726744967407,0.3024386557101284,0.2912634548088769,0.7087365451911232,1.2,0.2046420764141926,6841447.397851595
24132.32447636981,0.30256517595639965,0.291341825414423,0.708658174585577,1.2,0.20466378421819947,6846434.024556077
24139.92497789709,0.30269177733142066,0.2914201639337397,0.7085798360662603,1.2,0.20468549993684884,6851425.445665661
24147.528264482473,0.30281845999145884,0.2914984704062047,0.7085015295937953,1.2,0.20470722361280708,6856421.673590803
24155.13435109454,0.3029452240932837,0.29157674487111507,0.7084232551288849,1.2,0.20472895528884155,6861422.720784176
24162.74325273746,0.30307206979416956,0.29165498736768775,0.7083450126323123,1.2,0.2047506950078213,6866428.59974089
24170.35498445122,0.3031989972518975,0.29173319793505975,0.7082668020649403,1.2,0.20477244281271778,6871439.322998701
24177.96956131189,0.3033260066247575,0.2918113766122882,0.7081886233877118,1.2,0.2047941987466054,6876454.903138236
24185.586998431838,0.30345309807155146,0.2918895234383506,0.7081104765616494,1.2,0.2048159628526624,6881475.35278323
24193.20731095998,0.30358027175159463,0.29196763845214524,0.7080323615478548,1.2,0.2048377351741714,6886500.684600723
24200.83051408203,0.3037075278247185,0.29204572169249127,0.7079542783075088,1.2,0.2048595157545201,6891530.911301296
24208.45662302074,0.303834866451273,0.2921237731981289,0.7078762268018711,1.2,0.2048813046372021,6896566.045639304
24216.085653036138,0.30396228779212875,0.29220179300771965,0.7077982069922804,1.2,0.20490310186581756,6901606.100413097
24223.71761942579,0.30408979200867964,0.29227978115984676,0.7077202188401532,1.2,0.20492490748407372,6906651.08846524
24231.35253752505,0.3042173792628451,0.2923577376930151,0.7076422623069849,1.2,0.20494672153578586,6911701.02268276
24238.990422707284,0.3043450497170723,0.2924356626456517,0.7075643373543483,1.2,0.20496854406487797,6916755.915997362
24246.631290384146,0.30447280353433914,0.29251355605610563,0.7074864439438944,1.2,0.2049903751153833,6921815.781385673
24254.27515600583,0.30460064087815597,0.29259141796264854,0.7074085820373515,1.2,0.20501221473144524,6926880.63186947
24261.922035061314,0.30472856191256836,0.29266924840347464,0.7073307515965254,1.2,0.20503406295731805,6931950.480515914
24269.571943078616,0.3048565668021599,0.2927470474167012,0.7072529525832988,1.2,0.20505591983736748,6937025.340437795
24277.22489562506,0.30498465571205396,0.2928248150403685,0.7071751849596315,1.2,0.2050777854160716,6942105.224793762
24284.880908307525,0.3051128288079167,0.2929025513124401,0.7070974486875599,1.2,0.20509965973802152,6947190.146788567
24292.539996772713,0.30524108625595947,0.2929802562708031,0.707019743729197,1.2,0.20512154284792206,6952280.119673313
24300.202176707397,0.3053694282229411,0.2930579299532684,0.7069420700467316,1.2,0.20514343479059258,6957375.156745673
24307.867463838706,0.3054978548761708,0.2931355723975708,0.7068644276024292,1.2,0.20516533561096773,6962475.271350173
24315.535873934357,0.3056263663835103,0.2932131836413695,0.7067868163586305,1.2,0.20518724535409819,6967580.476878404
24323.20742280296,0.3057549629133768,0.2932907637222478,0.7067092362777522,1.2,0.20520916406515133,6972690.786769281
24330.882126294247,0.30588364463474527,0.2933683126777138,0.7066316873222862,1.2,0.20523109178941215,6977806.214509301
24338.560000299363,0.3060124117171511,0.29344583054520024,0.7065541694547998,1.2,0.20525302857228392,6982926.773632782
24346.241060751137,0.3061412643306927,0.29352331736206516,0.7064766826379348,1.2,0.20527497445928897,6988052.477722113
24353.925323624335,0.30627020264603433,0.2936007731655916,0.7063992268344084,1.2,0.20529692949606954,6993183.340408026
24361.612804935954,0.30639922683440846,0.2936781979929881,0.7063218020070119,1.2,0.20531889372838846,6998319.375369835
24369.303520745485,0.3065283370676184,0.29375559188138894,0.706244408118611,1.2,0.20534086720212996,7003460.5963356905
24376.997487155193,0.30665753351804126,0.2938329548678542,0.7061670451321458,1.2,0.20536284996330056,7008607.017082855
24384.694720310392,0.3067868163586305,0.29391028698937005,0.70608971301063,1.2,0.2053848420580297,7013758.651437941
24392.39523639973,0.3069161857629184,0.2939875882828489,0.7060124117171511,1.2,0.20540684353257066,7018915.513277205
24400.099051655463,0.30704564190501926,0.2940648587851298,0.7059351412148702,1.2,0.20542885443330133,7024077.61652677
24407.80618235374,0.3071751849596315,0.29414209853297824,0.7058579014670218,1.2,0.20545087480672497,7029244.975162921
24415.51664481489,0.3073048151020411,0.2942193075630867,0.7057806924369133,1.2,0.20547290469947113,7034417.603212369
24423.230455403707,0.3074345325081238,0.2942964859120749,0.7057035140879251,1.2,0.20549494415829633,7039595.514752499
24430.947630529736,0.3075643373543483,0.2943736336164897,0.7056263663835103,1.2,0.205516993230085,7044778.723911668
24438.668186647563,0.3076942298177787,0.29445075071280546,0.7055492492871945,1.2,0.20553905196185018,7049967.2448694585
24446.392140257103,0.30782421007607763,0.2945278372374244,0.7054721627625756,1.2,0.2055611204007346,7055161.0918569565
24454.1195079039,0.30795427830750877,0.2946048932266764,0.7053951067733236,1.2,0.20558319859401114,7060360.279157031
24461.850306179407,0.30808443469094005,0.29468191871681965,0.7053180812831803,1.2,0.20560528658908403,7065564.821104605
24469.584551721306,0.30821467940584635,0.2947589137440405,0.7052410862559595,1.2,0.20562738443348946,7070774.732086942
24477.322261213776,0.3083450126323123,0.294835878344454,0.705164121655546,1.2,0.20564949217489653,7075990.026543917
24485.063451387825,0.3084754345510352,0.2949128125541036,0.7050871874458964,1.2,0.20567160986110808,7081210.71896831
24492.80813902156,0.3086059453433283,0.2949897164089619,0.7050102835910381,1.2,0.2056937375400616,7086436.823906087
24500.556340940508,0.30873654519112315,0.2950665899449304,0.7049334100550696,1.2,0.20571587525983004,7091668.35595668
24508.30807401792,0.30886723427697294,0.2951434331978401,0.7048565668021599,1.2,0.20573802306862263,7096905.329773282
24516.063355175076,0.3089980127840556,0.2952202462034513,0.7047797537965488,1.2,0.20576018101478594,7102147.760063134
24523.82220138159,0.30912888089617635,0.295297028997454,0.704702971002546,1.2,0.20578234914680454,7107395.661587822
24531.58462965572,0.3092598387977711,0.2953737816154681,0.7046262183845319,1.2,0.20580452751330208,7112649.049163563
24539.350657064697,0.3093908866739092,0.2954505040930437,0.7045494959069563,1.2,0.205826716163042,7117907.9376615025
24547.120300725008,0.30952202471029683,0.29552719646566084,0.7044728035343392,1.2,0.2058489151449286,7123172.342008025
24554.893577802737,0.30965325309327973,0.2956038587687303,0.7043961412312697,1.2,0.20587112450800785,7128442.277185029
24562.670505513885,0.30978457200984655,0.2956804910375933,0.7043195089624067,1.2,0.20589334430146825,7133717.758230254
24570.45110112466,0.3099159816476317,0.2957570933075221,0.7042429066924779,1.2,0.2059155745746419,7138998.8002375625
24578.235381951847,0.3100474821949186,0.2958336656137196,0.7041663343862804,1.2,0.20593781537700528,7144285.418357264
24586.023365363075,0.31017907384064314,0.2959102079913204,0.7040897920086796,1.2,0.20596006675818024,7149577.62779641
24593.815068777196,0.3103107567743963,0.29598672047539,0.70401327952461,1.2,0.20598232876793485,7154875.443819111
24601.610509664577,0.3104425311864275,0.2960632031009259,0.7039367968990742,1.2,0.20600460145618452,7160178.8817468425
24609.409705547445,0.31057439726764824,0.29613965590285707,0.7038603440971429,1.2,0.20602688487299273,7165487.95695876
24617.21267400022,0.31070635520963474,0.2962160789160445,0.7037839210839555,1.2,0.20604917906857206,7170802.68489202
24625.019432649835,0.31083840520463135,0.29629247217528154,0.7037075278247185,1.2,0.20607148409328524,7176123.081042089
24632.829999176094,0.3109705474455542,0.2963688357152935,0.7036311642847065,1.2,0.206093799997646,7181449.160963072
24640.644391311987,0.3111027821259939,0.2964451695707384,0.7035548304292616,1.2,0.20611612683231997,7186780.940268028
24648.462626844048,0.3112351094402193,0.29652147377620697,0.703478526223793,1.2,0.20613846464812588,7192118.4346293
24656.284723612695,0.31136752958318065,0.2965977483662228,0.7034022516337772,1.2,0.2061608134960363,7197461.659778835
24664.11069951256,0.3115000427505129,0.2966739933752425,0.7033260066247575,1.2,0.20618317342717873,7202810.63150852
24671.940572492847,0.31163264913853905,0.2967502088376558,0.7032497911623442,1.2,0.2062055444928367,7208165.365670504
24679.774360557687,0.3117653489442739,0.29682639478778605,0.703173605212214,1.2,0.20622792674445056,7213525.878177545
24687.61208176648,0.3118981423654269,0.2969025512598902,0.7030974487401098,1.2,0.20625032023361853,7218892.1850033235
24695.453754234244,0.31203102960040596,0.2969786782881587,0.7030213217118413,1.2,0.20627272501209787,7224264.302182797
24703.299396131984,0.3121640108483209,0.2970547759067163,0.7029452240932836,1.2,0.2062951411318057,7229642.245812542
24711.14902568704,0.3122970863089868,0.29713084414962165,0.7028691558503783,1.2,0.20631756864482012,7235026.032051085
24719.00266118344,0.3124302561829275,0.2972068830508679,0.7027931169491322,1.2,0.20634000760338128,7240415.677119247
24726.86032096229,0.3125635206713793,0.29728289264438246,0.7027171073556175,1.2,0.20636245805989226,7245811.1973004965
24734.722023422102,0.31269687997629436,0.29735887296402763,0.7026411270359724,1.2,0.2063849200669203,7251212.608941302
24742.58778701919,0.3128303343003441,0.2974348240436004,0.7025651759563996,1.2,0.2064073936771977,7256619.928451468
24750.457630268033,0.3129638838469233,0.2975107459168328,0.7024892540831672,1.2,0.20642987894362297,7262033.172304509
24758.331571741626,0.3130975288201533,0.2975866386173922,0.7024133613826078,1.2,0.2064523759192618,7267452.357037989
24766.209630071888,0.31323126942488555,0.2976625021788811,0.7023374978211189,1.2,0.20647488465734826,7272877.499253885
24774.09182395001,0.31336510586670585,0.29773833663483784,0.7022616633651622,1.2,0.20649740521128576,7278308.615618958
24781.978172126852,0.31349903835193726,0.2978141420187361,0.7021858579812639,1.2,0.20651993763464815,7283745.722865094
24789.86869341331,0.3136330670876445,0.29788991836398576,0.7021100816360142,1.2,0.2065424819811809,7289188.837789697
24797.763406680715,0.3137671922816373,0.2979656657039326,0.7020343342960673,1.2,0.20656503830480205,7294637.977256041
24805.66233086121,0.3139014141424742,0.2980413840718587,0.7019586159281412,1.2,0.20658760665960346,7300093.158193638
24813.56548494814,0.3140357328794664,0.2981170735009825,0.7018829264990175,1.2,0.20661018709985185,7305554.397598626
24821.472887996442,0.3141701487026818,0.298192734024459,0.701807265975541,1.2,0.20663277967998986,7311021.712534138
24829.38455912305,0.31430466182294814,0.29826836567538,0.70173163432462,1.2,0.2066553844546373,7316495.120130672
24837.30051750727,0.31443927245185765,0.29834396848677414,0.7016560315132259,1.2,0.20667800147859222,7321974.637586487
24845.220782391207,0.31457398080177057,0.2984195424916072,0.7015804575083928,1.2,0.20670063080683204,7327460.282167982
24853.145373080144,0.3147087870858189,0.2984950877227821,0.7015049122772179,1.2,0.20672327249451472,7332952.071210076
24861.07430894296,0.3148436915179106,0.2985706042131393,0.7014293957868607,1.2,0.2067459265969799,7338450.022116608
24869.007609412532,0.3149786943127335,0.2986460919954568,0.7013539080045432,1.2,0.2067685931697501,7343954.152360721
24876.945293986144,0.31511379568575937,0.2987215511024502,0.7012784488975499,1.2,0.20679127226853186,7349464.479485263
24884.887382225897,0.31524899585324745,0.29879698156677326,0.7012030184332267,1.2,0.20681396394921686,7354981.0211031735
24892.83389375914,0.3153842950322492,0.2988723834210176,0.7011276165789824,1.2,0.20683666826788327,7360503.794897902
24900.78484827887,0.3155196934406117,0.29894775669771323,0.7010522433022868,1.2,0.20685938528079678,7366032.818623794
24908.74026554416,0.3156551912969825,0.2990231014293284,0.7009768985706716,1.2,0.2068821150444119,7371568.110106507
24916.70016538059,0.31579078882081285,0.29909841764827005,0.70090158235173,1.2,0.2069048576153731,7377109.687243416
24924.66456768066,0.3159264862323625,0.2991737053868839,0.7008262946131161,1.2,0.20692761305051618,7382657.568004026
24932.633492404235,0.31606228375270373,0.29924896467745443,0.7007510353225456,1.2,0.20695038140686925,7388211.770430388
24940.606959578967,0.31619818160372537,0.29932419555220524,0.7006758044477948,1.2,0.2069731627416542,7393772.312637511
24948.58498930073,0.3163341800081372,0.29939939804329896,0.700600601956701,1.2,0.2069959571122878,7399339.212813787
24956.56760173406,0.316470279189474,0.299474572182838,0.700525427817162,1.2,0.20701876457638305,7404912.489221416
24964.55481711261,0.31660647937210035,0.2995497180028639,0.7004502819971361,1.2,0.20704158519175034,7410492.16019683
24972.546655739578,0.3167427807812142,0.299624835535358,0.700375164464642,1.2,0.2070644190163988,7416078.244151123
24980.54313798815,0.31687918364285195,0.2996999248122417,0.7003000751877583,1.2,0.2070872661085376,7421670.759570482
24988.544284301974,0.31701568818389214,0.29977498586537615,0.7002250141346238,1.2,0.2071101265265771,7427269.725016629
24996.550115195598,0.3171522946320604,0.2998500187265628,0.7001499812734372,1.2,0.2071330003291303,7432875.159127247
25004.56065125492,0.3172890032159337,0.29992502342754335,0.7000749765724567,1.2,0.20715588757501407,7438487.080616438
25012.575913137673,0.31742581416494464,0.3,0.7,1.2,0.2071787883232505,7444105.508275158
25020.59592157386,0.31756272770938615,0.3000749906367186,0.6999250093632814,1.2,0.20720170263306817,7449730.012224618
25028.62069736623,0.31769974408041596,0.30015003759387915,0.6998499624061209,1.2,0.20722463056390353,7455360.160438636
25036.65026139077,0.31783686351006113,0.30022514099856806,0.6997748590014319,1.2,0.2072475721754022,7460995.968592662
25044.68463459714,0.3179740862312228,0.30030030097835053,0.6996996990216495,1.2,0.20727052752742042,7466637.4524260145
25052.723838009177,0.31811141247768027,0.3003755176612728,0.6996244823387272,1.2,0.20729349668002622,7472284.627742236
25060.767892725366,0.31824884248409635,0.300450791175865,0.6995492088241351,1.2,0.20731647969350106,7477937.510409495
25068.816819919317,0.3183863764860217,0.30052612165114345,0.6994738783488565,1.2,0.20733947662834093,7483596.116360957
25076.870640840272,0.31852401471989933,0.3006015092166134,0.6993984907833866,1.2,0.20736248754525793,7489260.461595166
25084.92937681356,0.3186617574230699,0.3006769540022716,0.6993230459977284,1.2,0.2073855125051816,7494930.562176433
25092.993049241126,0.3187996048337758,0.30075245613860896,0.699247543861391,1.2,0.20740855156926036,7500606.434235214
25101.061679602008,0.3189375571911667,0.30082801575661294,0.699171984243387,1.2,0.20743160479886288,7506288.093968537
25109.13528945284,0.3190756147353036,0.30090363298777045,0.6990963670122295,1.2,0.20745467225557956,7511975.557640343
25117.213900428356,0.31921377770716447,0.30097930796407063,0.6990206920359294,1.2,0.2074777540012239,7517668.841581926
25125.297534241912,0.31935204634864867,0.3010550408180071,0.698944959181993,1.2,0.20750085009783403,7523367.96219232
25133.386212685964,0.31949042090258195,0.3011308316825811,0.6988691683174189,1.2,0.2075239606076742,7529072.935938699
25141.47995763262,0.3196289016127215,0.3012066806913039,0.6987933193086961,1.2,0.20754708559323606,7534783.779356784
25149.57879103413,0.31976748872376126,0.30128258797819985,0.6987174120218002,1.2,0.20757022511724038,7540500.509051261
25157.682734923426,0.3199061824813362,0.3013585536778088,0.6986414463221913,1.2,0.20759337924263838,7546223.141696176
25165.791811414645,0.3200449831320281,0.30143457792518913,0.6985654220748109,1.2,0.20761654803261329,7551951.694035372
25173.906042703642,0.32018389092337063,0.30151066085592065,0.6984893391440794,1.2,0.20763973155058185,7557686.18288289
25182.025451068548,0.32032290610385383,0.30158680260610693,0.6984131973938931,1.2,0.20766292986019586,7563426.6251233965
25190.150058870295,0.3204620289229302,0.3016630033123788,0.6983369966876212,1.2,0.20768614302534372,7569173.037712615
25198.279888553152,0.3206012596310191,0.30173926311189647,0.6982607368881035,1.2,0.20770937111015186,7574925.437677737
25206.414962645285,0.32074059847951275,0.30181558214235327,0.6981844178576467,1.2,0.20773261417898653,7580683.842117874
25214.55530375929,0.320880045720781,0.30189196054197776,0.6981080394580222,1.2,0.20775587229645512,7586448.268204475
25222.700934592758,0.3210196016081768,0.30196839844953705,0.698031601550463,1.2,0.2077791455274079,7592218.733181767
25230.851877928828,0.32115926639604164,0.3020448960043398,0.6979551039956602,1.2,0.2078024339369395,7597995.25436721
25239.008156636748,0.321299040339711,0.30212145334623897,0.697878546653761,1.2,0.20782573759039072,7603777.849151918
25247.16979367244,0.3214389236955195,0.30219807061563486,0.6978019293843651,1.2,0.20784905655334984,7609566.535001122
25255.336812079076,0.32157891672080696,0.30227474795347814,0.6977252520465218,1.2,0.20787239089165452,7615361.329454621
25263.509234987636,0.3217190196739232,0.302351485501273,0.697648514498727,1.2,0.20789574067139327,7621162.250127226
25271.68708561751,0.3218592328142341,0.30242828340107997,0.69757171659892,1.2,0.20791910595890717,7626969.314709228
25279.870387277046,0.32199955640212724,0.3025051417955191,0.6974948582044809,1.2,0.20794248682079158,7632782.540966852
25288.05916336418,0.3221399906990171,0.302582060827773,0.697417939172227,1.2,0.20796588332389768,7638601.946742723
25296.253437367,0.3222805359673511,0.30265904064159016,0.6973409593584099,1.2,0.2079892955353343,7644427.5499563385
25304.453232864325,0.3224211924706154,0.3027360813812878,0.6972639186187122,1.2,0.2080127235224695,7650259.368604529
25312.65857352635,0.32256196047334024,0.30281318319175515,0.6971868168082449,1.2,0.20803616735293243,7656097.420761955
25320.869483115217,0.3227028402411062,0.3028903462184567,0.6971096537815433,1.2,0.20805962709461492,7661941.724581555
25329.085985485628,0.32284383204054967,0.3029675706074351,0.6970324293925649,1.2,0.20808310281567324,7667792.2982950555
25337.30810458547,0.3229849361393692,0.303044856505315,0.696955143494685,1.2,0.20810659458452993,7673649.16021344
25345.535864456426,0.3231261528063307,0.3031222040593055,0.6968777959406944,1.2,0.2081301024698755,7679512.328727449
25353.76928923459,0.3232674823112744,0.3031996134172042,0.6968003865827959,1.2,0.20815362654067027,7685381.822308071
25362.008403151114,0.32340892492511986,0.30327708472739984,0.6967229152726002,1.2,0.20817716686614604,7691257.659507028
25370.253230532813,0.3235504809198727,0.3033546181388761,0.6966453818611239,1.2,0.20820072351580804,7697139.858957295
25378.503795802837,0.32369215056863054,0.30343221380121455,0.6965677861987855,1.2,0.2082242965594367,7703028.439373601
25386.76012348127,0.323833934145589,0.30350987186459844,0.6964901281354016,1.2,0.20824788606708936,7708923.419552924
25395.022238185815,0.32397583192604795,0.30358759247981576,0.6964124075201843,1.2,0.20827149210910234,7714824.818375019
25403.290164632428,0.32411784418641787,0.3036653757982627,0.6963346242017373,1.2,0.20829511475609266,7720732.654802929
25411.563927635976,0.3242599712042261,0.3037432219719472,0.6962567780280529,1.2,0.20831875407895994,7726646.947883512
25419.8435521109,0.32440221325812313,0.30382113115349246,0.6961788688465076,1.2,0.2083424101488883,7732567.716747951
25428.129063071872,0.3245445706278888,0.3038991034961402,0.6961008965038598,1.2,0.20836608303734822,7738494.980612301
25436.420485634488,0.3246870435944389,0.30397713915375435,0.6960228608462457,1.2,0.20838977281609855,7744428.7587780105
25444.717845015926,0.3248296324398318,0.3040552382808247,0.6959447617191753,1.2,0.20841347955718836,7750369.07063246
25453.02116653564,0.3249723374472747,0.3041334010324701,0.6958665989675299,1.2,0.20843720333295898,7756315.935649512
25461.330475616032,0.3251151589011303,0.3042116275644425,0.6957883724355576,1.2,0.20846094421604583,7762269.373390043
25469.645797783167,0.3252580970869232,0.3042899180331301,0.6957100819668699,1.2,0.20848470227938048,7768229.403502507
25477.967158667452,0.32540115229134703,0.30436827259556154,0.6956317274044385,1.2,0.20850847759619273,7774196.045723485
25486.294584004347,0.3255443248022706,0.30444669140940905,0.695553308590591,1.2,0.20853227024001242,7780169.319878232
25494.628099635072,0.3256876149087452,0.30452517463299256,0.6954748253670074,1.2,0.20855608028467165,7786149.245881266
25502.96773150733,0.325831022901011,0.30460372242528305,0.6953962775747169,1.2,0.20857990780430666,7792135.84373691
25511.31350567602,0.32597454907050405,0.3046823349459067,0.6953176650540933,1.2,0.20860375287336005,7798129.133539884
25519.665448303953,0.3261181937098633,0.3047610123551484,0.6952389876448516,1.2,0.2086276155665827,7804129.135475864
25528.023585662602,0.32626195711293715,0.3048397548139557,0.6951602451860444,1.2,0.208651495959036,7810135.869822069
25536.38794413283,0.3264058395747912,0.3049185624839425,0.6950814375160574,1.2,0.20867539412609382,7816149.356947864
25544.75855020564,0.32654984139171456,0.3049974355273932,0.6950025644726068,1.2,0.2086993101434447,7822169.617315325
25553.135430482904,0.3266939628612274,0.3050763741072662,0.6949236258927338,1.2,0.20872324408709403,7828196.671479847
25561.518611678144,0.32683820428208804,0.30515537838719814,0.6948446216128019,1.2,0.20874719603336614,7834230.540090745
25569.908120617274,0.3269825659543001,0.30523444853150783,0.6947655514684922,1.2,0.2087711660589065,7840271.243891855
25578.30398423938,0.3271270481791198,0.30531358470520015,0.6946864152947998,1.2,0.20879515424068396,7846318.803722145
25586.706229597483,0.32727165125906343,0.30539278707397,0.69460721292603,1.2,0.20881916065599282,7852373.240516334
25595.11488385932,0.32741637549791447,0.30547205580420644,0.6945279441957936,1.2,0.20884318538245522,7858434.575305502
25603.52997430814,0.32756122120073133,0.30555139106299695,0.694448608937003,1.2,0.20886722849802328,7864502.82921772
25611.951528343478,0.3277061886738547,0.3056307930181311,0.6943692069818689,1.2,0.20889129008098137,7870578.023478687
25620.379573481965,0.32785127822491505,0.3057102618381052,0.6942897381618949,1.2,0.2089153702099485,7876660.179412351
25628.814137358127,0.32799649016284044,0.30578979769212594,0.694210202307874,1.2,0.20893946896388038,7882749.318441553
25637.25524772521,0.3281418247978639,0.3058694007501151,0.694130599249885,1.2,0.20896358642207205,7888845.462088686
25645.702932455977,0.3282872824415316,0.3059490711827134,0.6940509288172866,1.2,0.20898772266415994,7894948.63197632
25654.15721954354,0.3284328634067101,0.30602880916128505,0.693971190838715,1.2,0.20901187777012442,7901058.849827882
25662.618137102192,0.32857856800759466,0.30610861485792185,0.6938913851420782,1.2,0.209036051820292,7907176.1374683
25671.085713368255,0.32872439655971697,0.30618848844544755,0.6938115115545525,1.2,0.2090602448953379,7913300.516824682
25679.559976700904,0.3288703493799531,0.30626843009742233,0.6937315699025777,1.2,0.2090844570762883,7919432.00992698
25688.04095558303,0.3290164267865314,0.30634843998814715,0.6936515600118529,1.2,0.20910868844452296,7925570.638908665
25696.5286786221,0.32916262909904104,0.3064285182926681,0.693571481707332,1.2,0.20913293908177744,7931716.426007417
25705.023174551014,0.3293089566384396,0.30650866518678094,0.693491334813219,1.2,0.20915720907014576,7937869.393565815
25713.524472228986,0.3294554097270619,0.30658888084703567,0.6934111191529644,1.2,0.20918149849208284,7944029.564032028
25722.032600642422,0.32960198868862767,0.30666916545074097,0.693330834549259,1.2,0.20920580743040693,7950196.959960509
25730.547588905793,0.3297486938482503,0.30674951917596865,0.6932504808240314,1.2,0.20923013596830228,7956371.604012711
25739.069466262554,0.32989552553244506,0.30682994220155857,0.6931700577984414,1.2,0.2092544841893216,7962553.518957788
25747.598262086027,0.3300424840691377,0.3069104347071231,0.6930895652928769,1.2,0.20927885217738865,7968742.727673328
25756.134005880307,0.3301895697876731,0.30699099687305176,0.6930090031269482,1.2,0.2093032400168009,7974939.253146062
25764.6767272812,0.3303367830188234,0.30707162888051603,0.692928371119484,1.2,0.209327647792232,7981143.118472599
25773.226456057124,0.33048412409479744,0.3071523309114741,0.6928476690885259,1.2,0.20935207558873464,7987354.346860174
25781.78322211005,0.33063159334924863,0.30723310314867547,0.6927668968513245,1.2,0.20937652349174302,7993572.961627357
25790.347055476446,0.3307791911172845,0.3073139457756661,0.6926860542243338,1.2,0.20940099158707556,7999798.986204839
25798.91798632822,0.3309269177354751,0.3073948589767931,0.6926051410232069,1.2,0.20942547996093777,8006032.44413617
25807.496044973665,0.33107477354186254,0.3074758429372096,0.6925241570627905,1.2,0.20944998869992476,8012273.3590785125
25816.08126185845,0.3312227588759691,0.30755689784287965,0.6924431021571203,1.2,0.20947451789102414,8018521.754803417
25824.673667566556,0.3313708740788071,0.30763802388058353,0.6923619761194164,1.2,0.20949906762161874,8024777.655197598
25833.27329282129,0.3315191194928879,0.3077192212379223,0.6922807787620777,1.2,0.20952363797948942,8031041.08426372
25841.880168486245,0.33166749546223095,0.30780049010332317,0.6921995098966769,1.2,0.20954822905281784,8037312.066121157
25850.49432556631,0.3318160023323733,0.3078818306660446,0.6921181693339554,1.2,0.20957284093018946,8043590.625006819
25859.11579520868,0.33196464045037866,0.3079632431161813,0.6920367568838187,1.2,0.20959747370059623,8049876.785275936
25867.74460870385,0.3321134101648474,0.3080447276446694,0.6919552723553306,1.2,0.20962212745343958,8056170.571402872
25876.38079748666,0.3322623118259256,0.30812628444329193,0.6918737155567081,1.2,0.20964680227853333,8062472.0079819225
25885.024393137308,0.33241134578531495,0.3082079137046838,0.6917920862953162,1.2,0.2096714982661066,8068781.119728158
25893.6754273824,0.33256051239628237,0.30828961562233725,0.6917103843776627,1.2,0.20969621550680687,8075097.931478246
25902.333932095986,0.33270981201366967,0.3083713903906071,0.6916286096093929,1.2,0.20972095409170283,8081422.4681912735
25910.999939300633,0.3328592449939034,0.3084532382047164,0.6915467617952836,1.2,0.20974571411228754,8087754.7549496
25919.67348116848,0.3330088116950052,0.30853515926076147,0.6914648407392385,1.2,0.2097704956604814,8094094.816959716
25928.354590022325,0.33315851247660105,0.30861715375571763,0.6913828462442824,1.2,0.20979529882863523,8100442.679553082
25937.043298336688,0.3333083476999321,0.3086992218874449,0.6913007781125551,1.2,0.2098201237095334,8106798.368186997
25945.739638738934,0.3334583177278644,0.30878136385469307,0.691218636145307,1.2,0.20984497039639696,8113161.9084454905
25954.443644010353,0.3336084229248991,0.3088635798571078,0.6911364201428922,1.2,0.20986983898288675,8119533.326040171
25963.155347087286,0.33375866365718343,0.308945870095236,0.691054129904764,1.2,0.20989472956310654,8125912.646811134
25971.874781062244,0.33390904029252005,0.3090282347705316,0.6909717652294685,1.2,0.20991964223160642,8132299.89672786
25980.60197918504,0.3340595532003786,0.3091106740853614,0.6908893259146386,1.2,0.20994457708338585,8138695.101890097
25989.336974863938,0.3342102027519057,0.30919318824301084,0.6908068117569892,1.2,0.20996953421389697,8145098.288528793
25998.079801666794,0.33436098931993563,0.30927577744768964,0.6907242225523104,1.2,0.20999451371904798,8151509.483006999
26006.830493322224,0.33451191327900154,0.309358441904538,0.690641558095462,1.2,0.21001951569520635,8157928.711820807
26015.589083720788,0.33466297500534564,0.3094411818196323,0.6905588181803677,1.2,0.21004454023920227,8164356.001600279
26024.355606916157,0.33481417487693077,0.3095239973999914,0.6904760026000085,1.2,0.2100695874483319,8170791.379110389
26033.130097126315,0.33496551327345103,0.30960688885358223,0.6903931111464178,1.2,0.2100946574203609,8177234.871251987
26041.912588734758,0.33511699057634314,0.3096898563893263,0.6903101436106738,1.2,0.2101197502535279,8183686.505062736
26050.703116291723,0.3352686071687975,0.3097729002171056,0.6902270997828944,1.2,0.21014486604654778,8190146.307718101
26059.501714515394,0.33542036343576953,0.30985602054776895,0.690143979452231,1.2,0.21017000489861543,8196614.306532323
26068.30841829315,0.3355722597639911,0.3099392175931381,0.6900607824068619,1.2,0.210195166909409,8203090.528959394
26077.12326268281,0.33572429654198194,0.3100224915660141,0.6899775084339859,1.2,0.21022035217909377,8209575.002594063
26085.9462829139,0.3358764741600616,0.3101058426801837,0.6898941573198163,1.2,0.21024556080832543,8216067.75517283
26094.777514388905,0.3360287930103606,0.3101892711504257,0.6898107288495743,1.2,0.21027079289825404,8222568.814574973
26103.616992684572,0.3361812534868325,0.3102727771925174,0.6897272228074827,1.2,0.21029604855052736,8229078.2088235505
26112.464753553188,0.33633385598526594,0.31035636102324105,0.689643638976759,1.2,0.21032132786729482,8235595.966086452
26121.32083292388,0.33648660090329624,0.3104400228603905,0.6895599771396095,1.2,0.2103466309512111,8242122.114677422
26130.185266903958,0.3366394886404178,0.31052376292277795,0.689476237077222,1.2,0.2103719579054399,8248656.683057122
26139.05809178021,0.33679251959799633,0.31060758143024025,0.6893924185697597,1.2,0.21039730883365776,8255199.699834179
26147.939344020266,0.33694569417928066,0.3106914786036461,0.6893085213963539,1.2,0.2104226838400579,8261751.193766256
26156.82906027394,0.3370990127894158,0.3107754546649025,0.6892245453350976,1.2,0.2104480830293541,8268311.19376114
26165.727277374597,0.33725247583545503,0.3108595098369616,0.6891404901630385,1.2,0.21047350650678456,8274879.7288778275
26174.63403234053,0.3374060837263725,0.3109436443438279,0.6890563556561722,1.2,0.2104989543781158,8281456.828327603
26183.54936237635,0.3375598368730761,0.31102785841056485,0.6889721415894352,1.2,0.21052442674964672,8288042.521475175
26192.473304874395,0.33771373568842034,0.31111215226330224,0.6888878477366978,1.2,0.21054992372821257,8294636.837839775
26201.405897416123,0.33786778058721906,0.31119652612924287,0.6888034738707571,1.2,0.21057544542118894,8301239.807096301
26210.347177773576,0.3380219719862586,0.3112809802366701,0.6887190197633299,1.2,0.21060099193649595,8307851.459076442
26219.29718391078,0.338176310304311,0.31136551481495484,0.6886344851850452,1.2,0.21062656338260224,8314471.82376983
26228.25595398525,0.3383307959621472,0.31145013009456274,0.6885498699054373,1.2,0.21065215986852928,8321100.931325214
26237.2235263494,0.33848542938255033,0.31153482630706175,0.6884651736929382,1.2,0.21067778150385544,8327738.81205161
26246.19993955207,0.3386402109903295,0.31161960368512925,0.6883803963148707,1.2,0.2107034283987202,8334385.496419498
26255.18523234,0.3387951412123331,0.31170446246255995,0.68829553753744,1.2,0.21072910066382858,8341041.015062006
26264.179443659355,0.3389502204774627,0.31178940287427276,0.6882105971257273,1.2,0.2107547984104553,8347705.398776119
26273.182612657227,0.3391054492166869,0.3118744251563189,0.6881255748436811,1.2,0.21078052175044923,8354378.678523891
26282.194778683195,0.3392608278630552,0.31195952954588946,0.6880404704541105,1.2,0.2108062707962377,8361060.885433668
26291.21598129086,0.3394163568517123,0.3120447162813229,0.6879552837186771,1.2,0.21083204566083105,8367752.050801336
26300.24626023942,0.339572036619912,0.3121299856021131,0.6878700143978869,1.2,0.21085784645782693,8374452.20609155
26309.285655495252,0.3397278676070319,0.3122153377489169,0.687784662251083,1.2,0.21088367330141503,8381161.382939029
26318.334207233496,0.33988385025458756,0.3123007729635625,0.6876992270364375,1.2,0.21090952630638143,8387879.6131497845
26327.3919558397,0.34003998500624727,0.31238629148905706,0.687613708510943,1.2,0.21093540558811344,8394606.928702438
26336.458941911395,0.3401962723078468,0.3124718935695947,0.6875281064304053,1.2,0.21096131126260398,8401343.361749515
26345.53520625978,0.3403527126074042,0.31255757945056517,0.6874424205494348,1.2,0.21098724344645653,8408088.944618737
26354.620789911365,0.3405093063551345,0.3126433493785613,0.6873566506214387,1.2,0.21101320225688963,8414843.709814357
26363.715734109643,0.34066605400346545,0.31272920360138806,0.687270796398612,1.2,0.21103918781174186,8421607.690018494
26372.82008031677,0.3408229560070522,0.3128151423680703,0.6871848576319297,1.2,0.2110652002294765,8428380.918092465
26381.933870215296,0.340980012822793,0.31290116592886147,0.6870988340711386,1.2,0.21109123962918658,8435163.427078165
26391.057145709863,0.3411372249098445,0.31298727453525205,0.687012725464748,1.2,0.21111730613059962,8441955.25019943
26400.189948928946,0.3412945927296377,0.3130734684399782,0.6869265315600218,1.2,0.2111433998540827,8448756.42086341
26409.332322226623,0.3414521167458934,0.3131597478970302,0.6868402521029697,1.2,0.2111695209206475,8455566.972662
26418.484308184332,0.34160979742463843,0.3132461131616616,0.6867538868383384,1.2,0.21119566945195525,8462386.939373214
26427.645949612663,0.3417676352342217,0.3133325644903976,0.6866674355096024,1.2,0.21122184557032192,8469216.354962643
26436.81728955318,0.3419256306453302,0.313419102141044,0.686580897858956,1.2,0.21124804939872338,8476055.253584879
26445.998371280206,0.3420837841310057,0.3135057263726966,0.6864942736273034,1.2,0.2112742810608006,8482903.669584967
26455.189238302708,0.3422420961666609,0.3135924374457495,0.6864075625542505,1.2,0.2113005406808649,8489761.63749988
26464.389934366132,0.3424005672300966,0.31367923562190503,0.686320764378095,1.2,0.21132682838390324,8496629.192060005
26473.60050345429,0.342559197801518,0.31376612116418245,0.6862338788358175,1.2,0.2113531442955837,8503506.368190626
26482.820989791246,0.34271798836355194,0.3138530943369274,0.6861469056630727,1.2,0.2113794885422607,8510393.201013448
26492.051437843238,0.34287693940126407,0.31394015540582115,0.6860598445941788,1.2,0.21140586125098068,8517289.725848109
26501.291892320613,0.34303605140217613,0.3140273046378905,0.6859726953621095,1.2,0.21143226254948747,8524195.97821374
26510.542398179765,0.34319532485628323,0.3141145423015167,0.6858854576984833,1.2,0.2114586925662279,8531111.993830504
26519.803000625136,0.3433547602560717,0.31420186866644567,0.6857981313335544,1.2,0.21148515143035754,8538037.808621181
26529.073745111164,0.3435143580965364,0.31428928400379735,0.6857107159962026,1.2,0.21151163927174618,8544973.458712727
26538.354677344338,0.34367411887519944,0.31437678858607565,0.6856232114139243,1.2,0.21153815622098382,8551918.980437929
26547.645843285198,0.3438340430921274,0.31446438268717847,0.6855356173128215,1.2,0.2115647024093863,8558874.410336964
26556.947289150394,0.34399413124995015,0.3145520665824074,0.6854479334175926,1.2,0.21159127796900112,8565839.785159072
26566.259061414767,0.3441543838538792,0.3146398405484783,0.6853601594515217,1.2,0.21161788303261364,8572815.141864195
26575.581206813422,0.3443148014117261,0.31472770486353097,0.685272295136469,1.2,0.21164451773375265,8579800.517624643
26584.91377234386,0.34447538443392145,0.3148156598071397,0.6851843401928603,1.2,0.21167118220669676,8586795.949826779
26594.2568052681,0.3446361334335336,0.31490370566032366,0.6850962943396763,1.2,0.21169787658648032,8593801.476072717
26603.61035311484,0.3447970489262881,0.31499184270555736,0.6850081572944426,1.2,0.21172460100889956,8600817.134182047
26612.97446368163,0.3449581314305866,0.31508007122678106,0.684919928773219,1.2,0.21175135561051894,8607842.962193562
26622.349185037063,0.34511938146752674,0.3151683915094117,0.6848316084905883,1.2,0.21177814052867733,8614878.998367012
26631.734565523024,0.3452807995609215,0.31525680384035354,0.6847431961596464,1.2,0.21180495590149437,8621925.281184867
26641.130653756903,0.34544238623731927,0.31534530850800885,0.6846546914919911,1.2,0.21183180186787687,8628981.849354133
26650.537498633876,0.34560414202602374,0.31543390580228936,0.6845660941977106,1.2,0.21185867856752538,8636048.74180812
26659.955149329195,0.3457660674591143,0.31552259601462684,0.6844774039853732,1.2,0.21188558614094055,8643125.997708285
26669.3836553005,0.3459281630714661,0.31561137943798456,0.6843886205620154,1.2,0.21191252472943,8650213.656446083
26678.823066290148,0.3460904294007713,0.3157002563668685,0.6842997436331315,1.2,0.2119394944751147,8657311.757644808
26688.27343232759,0.34625286698755897,0.31578922709733886,0.6842107729026612,1.2,0.211966495520936,8664420.341161493
26697.734803731735,0.3464154763752172,0.3158782919270213,0.6841217080729787,1.2,0.21199352801066212,8671539.447088795
26707.20723111338,0.3465782581100132,0.315967451155119,0.6840325488448811,1.2,0.21202059208889537,8678669.115756921
26716.69076537763,0.3467412127411157,0.3160567050824237,0.6839432949175763,1.2,0.21204768790107895,8685809.387735575
26726.18545772635,0.3469043408206156,0.31614605401132834,0.6838539459886717,1.2,0.21207481559350388,8692960.303835895
26735.691359660683,0.34706764290354886,0.3162354982458384,0.6837645017541616,1.2,0.21210197531331623,8700121.905112451
26745.20852298352,0.3472311195479174,0.31632503809158435,0.6836749619084157,1.2,0.21212916720852437,8707294.232865246
26754.736999802073,0.3473947713147123,0.3164146738558335,0.6835853261441664,1.2,0.21215639142800594,8714477.328641722
26764.276842530402,0.3475585987679357,0.3165044058475026,0.6834955941524974,1.2,0.21218364812151544,8721671.234238807
26773.828103892032,0.3477226024746238,0.3165942343771701,0.6834057656228298,1.2,0.21221093743969155,8728875.991704991
26783.390836922572,0.34788678300486936,0.31668415975708875,0.6833158402429113,1.2,0.2122382595340645,8736091.643342389
26792.96509497233,0.3480511409318453,0.31677418230119825,0.6832258176988018,1.2,0.2122656145570638,8743318.231708854
26802.55093170902,0.34821567683182764,0.31686430232513796,0.683135697674862,1.2,0.21229300266202578,8750555.799620122
26812.148401120434,0.34838039128421927,0.31695452014626,0.68304547985374,1.2,0.21232042400320125,8757804.390151927
26821.7575575172,0.348545284871574,0.31704483608364215,0.6829551639163578,1.2,0.21234787873576344,8765064.04664222
26831.378455535512,0.3487103581796198,0.31713525045810087,0.6828647495418991,1.2,0.21237536701581575,8772334.81269332
26841.01115013993,0.3488756117972841,0.3172257635922049,0.6827742364077951,1.2,0.2124028890003998,8779616.732174166
26850.6556966262,0.3490410463167175,0.3173163758102886,0.6826836241897114,1.2,0.21243044484750345,8786909.849222537
26860.312150624093,0.349206662333319,0.3174070874384654,0.6825929125615346,1.2,0.21245803471606886,8794214.208247336
26869.980568100294,0.34937246044576076,0.3174978988046415,0.6825021011953585,1.2,0.21248565876600084,8801529.853930872
26879.661005361297,0.3495384412560133,0.3175888102385298,0.6824111897614702,1.2,0.21251331715817515,8808856.831231173
26889.353519056353,0.3497046053693713,0.31767982207166384,0.6823201779283361,1.2,0.21254101005444673,8816195.185384333
26899.058166180428,0.34987095339447916,0.31777093463741185,0.6822290653625882,1.2,0.21256873761765838,8823544.961906875
26908.775004077223,0.3500374859433568,0.31786214827099096,0.6821378517290091,1.2,0.21259650001164923,8830906.206598122
26918.504090442213,0.35020420363142646,0.3179534633094818,0.6820465366905182,1.2,0.21262429740126348,8838278.965542657
26928.245483325685,0.35037110707753866,0.31804488009184284,0.6819551199081572,1.2,0.2126521299523591,8845663.285112716
26937.999241135876,0.35053819690399945,0.318136398958925,0.681863601041075,1.2,0.2126799978318168,8853059.211970702
26947.76542264208,0.3507054737365971,0.3182280202534868,0.6817719797465132,1.2,0.21270790120754882,8860466.793071628
26957.544086977832,0.35087293820462984,0.31831974432020893,0.6816802556797911,1.2,0.2127358402485081,8867886.075665694
26967.335293644115,0.3510405909409332,0.31841157150570976,0.6815884284942902,1.2,0.2127638151246975,8875317.1073008
26977.13910251259,0.3512084325819079,0.31850350215856027,0.6814964978414397,1.2,0.21279182600717883,8882759.935825128
26986.955573828876,0.3513764637675483,0.31859553662929985,0.6814044633707002,1.2,0.21281987306808253,8890214.60938977
26996.78476821586,0.35154468514147047,0.31868767527045155,0.6813123247295485,1.2,0.21284795648061675,8897681.176451344
27006.626746677044,0.3517130973509414,0.318779918436538,0.6812200815634619,1.2,0.21287607641907727,8905159.68577465
27016.48157059993,0.3518817010469077,0.3188722664840975,0.6811277335159025,1.2,0.21290423305885695,8912650.186435383
27026.34930175945,0.3520504968840251,0.3189647197716997,0.6810352802283003,1.2,0.21293242657645559,8920152.727822844
27036.230002321397,0.3522194855206881,0.3190572786599621,0.6809427213400379,1.2,0.21296065714948972,8927667.35964269
27046.12373484597,0.35238866761905996,0.3191499435115664,0.6808500564884337,1.2,0.2129889249567028,8935194.131919727
27056.03056229127,0.35255804384510286,0.3192427146912752,0.6807572853087248,1.2,0.21301723017797508,8942733.09500071
27065.95054801691,0.3527276148686087,0.31933559256594857,0.6806644074340514,1.2,0.21304557299433405,8950284.29955721
27075.883755787592,0.3528973813632296,0.319428577504561,0.680571422495439,1.2,0.21307395358796455,8957847.796588464
27085.83024977681,0.35306734400650974,0.31952166987821873,0.6804783301217813,1.2,0.21310237214221947,8965423.637424301
27095.790094570533,0.3532375034799162,0.3196148700601767,0.6803851299398234,1.2,0.2131308288416301,8973011.87372809
27105.76335517091,0.3534078604688715,0.31970817842585614,0.6802918215741438,1.2,0.2131593238719169,8980612.557499692
27115.750097000127,0.35357841566278525,0.31980159535286234,0.6801984046471377,1.2,0.21318785742000038,8988225.741078494
27125.75038590416,0.3537491697550871,0.3198951212210024,0.6801048787789976,1.2,0.2132164296740119,8995851.477146428
27135.76428815669,0.35392012344325935,0.31998875641230307,0.6800112435876969,1.2,0.21324504082330484,9003489.81873107
27145.791870463006,0.3540912774288705,0.3200825013110292,0.6799174986889708,1.2,0.21327369105846575,9011140.819208741
27155.83319996395,0.3542626324176086,0.32017635630370206,0.6798236436962979,1.2,0.21330238057132558,9018804.532307647
27165.888344239946,0.35443418911931507,0.32027032177911796,0.679729678220882,1.2,0.21333110955497128,9026481.012111077
27175.95737131502,0.3546059482480195,0.3203643981283668,0.6796356018716332,1.2,0.2133598782037572,9034170.313060611
27186.040349660936,0.3547779105219739,0.3204585857448515,0.6795414142551486,1.2,0.21338868671331696,9041872.489959393
27196.1373482013,0.3549500766636877,0.3205528850243068,0.6794471149756932,1.2,0.21341753528057517,9049587.597975396
27206.24843631577,0.35512244739996357,0.3206472963648188,0.6793527036351812,1.2,0.21344642410375936,9057315.692644779
27216.373683844307,0.35529502346193287,0.3207418201668448,0.6792581798331552,1.2,0.21347535338241233,9065056.829875253
27226.513161091447,0.35546780558509183,0.32083645683323264,0.6791635431667673,1.2,0.21350432331740415,9072811.065949481
27236.666938830647,0.35564079450933844,0.32093120676924103,0.679068793230759,1.2,0.21353333411094472,9080578.457528537
27246.835088308675,0.355813990979009,0.32102607038255987,0.6789739296174402,1.2,0.2135623859665962,9088359.061655384
27257.01768125006,0.3559873957429158,0.3211210480833305,0.6788789519166696,1.2,0.21359147908928588,9096152.935758417
27267.214789861573,0.3561610095543848,0.32121614028416645,0.6787838597158335,1.2,0.2136206136853188,9103960.137655018
27277.426486836786,0.3563348331712936,0.3213113474001746,0.6786886525998255,1.2,0.21364978996239084,9111780.725555189
27287.65284536067,0.35650886735611054,0.3214066698489758,0.6785933301510242,1.2,0.21367900812960192,9119614.758065188
27297.893939114227,0.35668311287593313,0.3215021080507269,0.6784978919492731,1.2,0.21370826839746923,9127462.29419123
27308.149842279254,0.35685757050252787,0.32159766242814164,0.6784023375718584,1.2,0.21373757097794074,9135323.393343247
27318.42062954305,0.3570322410123701,0.3216933334065132,0.6783066665934868,1.2,0.21376691608440873,9143198.115338646
27328.70637610327,0.3572071251866842,0.32178912141373567,0.6782108785862644,1.2,0.21379630393172364,9151086.520406162
27339.007157672808,0.35738222381148443,0.3218850268803269,0.6781149731196732,1.2,0.21382573473620803,9158988.669189725
27349.323050484727,0.35755753767761606,0.3219810502394506,0.6780189497605493,1.2,0.21385520871567065,9166904.622752381
27359.65413129725,0.3577330675807972,0.3220771919269396,0.6779228080730604,1.2,0.21388472608942072,9174834.442580268
27370.000477398844,0.3579088143216608,0.3221734523813186,0.6778265476186813,1.2,0.21391428707828242,9182778.190586627
27380.362166613308,0.35808477870579736,0.3222698320438277,0.6777301679561722,1.2,0.21394389190460947,9190735.929115877
27390.739277304976,0.35826096154379783,0.32236633135844583,0.6776336686415542,1.2,0.21397354079229994,9198707.720947701
27401.131888383956,0.3584373636512974,0.32246295077191484,0.6775370492280852,1.2,0.2140032339668113,9206693.62930126
27411.54007931144,0.3586139858490195,0.32255969073376334,0.6774403092662367,1.2,0.21403297165517554,9214693.717839349
27421.963930105063,0.3587908289628202,0.32265655169633145,0.6773434483036685,1.2,0.21406275408601447,9222708.05067271
27432.403521344364,0.3589678938237334,0.3227535341147951,0.6772464658852049,1.2,0.21409258148955534,9230736.692364322
27442.858934176274,0.3591451812680163,0.3228506384471913,0.6771493615528087,1.2,0.21412245409764652,9238779.707933778
27453.330250320698,0.35932269213719564,0.3229478651544432,0.6770521348455568,1.2,0.21415237214377345,9246837.16286171
27463.817552076143,0.35950042727811415,0.3230452147003856,0.6769547852996144,1.2,0.2141823358630747,9254909.123094259
27474.320922325445,0.35967838754297776,0.32314268755179104,0.6768573124482089,1.2,0.21421234549235843,9262995.655047625
27484.840444541544,0.3598565737894033,0.32324028417839545,0.6767597158216045,1.2,0.2142424012701187,9271096.825612634
27495.37620279334,0.36003498688046637,0.3233380050529249,0.6766619949470751,1.2,0.2142725034365524,9279212.702159395
27505.92828175161,0.3602136276847508,0.32343585065112235,0.6765641493488777,1.2,0.21430265223357603,9287343.352541996
27516.496766695003,0.36039249707639737,0.32353382145177445,0.6764661785482255,1.2,0.2143328479048429,9295488.845103256
27527.08174351616,0.360571595935154,0.32363191793673884,0.6763680820632612,1.2,0.21436309069576046,9303649.248679586
27537.683298727785,0.36075092514642615,0.3237301405909722,0.6762698594090277,1.2,0.21439338085350798,9311824.632605806
27548.30151946896,0.3609304856013279,0.3238284899025578,0.6761715100974421,1.2,0.2144237186270542,9320015.066720141
27558.93649351139,0.3611102781967337,0.32392696636273394,0.676073033637266,1.2,0.21445410426717543,9328220.62136919
27569.588309265815,0.3612903038353304,0.3240255704659226,0.6759744295340774,1.2,0.21448453802647377,9336441.367413
27580.257055788476,0.3614705634256704,0.3241243027097585,0.6758756972902416,1.2,0.21451502015939566,9344677.376230212
27590.942822787663,0.361651057882225,0.3242231635951181,0.675776836404882,1.2,0.21454555092225047,9352928.71972323
27601.645700630343,0.3618317881254386,0.3243221536261496,0.6756778463738504,1.2,0.21457613057322955,9361195.470323496
27612.36578034888,0.3620127550817832,0.32442127331030257,0.6755787266896974,1.2,0.21460675937242538,9369477.700996812
27623.10315364784,0.3621939596838143,0.3245205231583588,0.6754794768416412,1.2,0.21463743758185097,9377775.485248737
27633.8579129109,0.36237540287022657,0.32461990368446236,0.6753800963155376,1.2,0.21466816546545972,9386088.897130055
27644.6301512078,0.36255708558591065,0.32471941540615135,0.6752805845938487,1.2,0.21469894328916517,9394418.011242304
27655.419962301414,0.3627390087820107,0.3248190588443888,0.6751809411556112,1.2,0.21472977132086118,9402762.902743367
27666.22744065493,0.3629211734159824,0.3249188345235947,0.6750811654764053,1.2,0.21476064983044266,9411123.64735318
27677.052681439105,0.3631035804516516,0.32501874297167843,0.6749812570283216,1.2,0.21479157908982602,9419500.321359452
27687.895780539584,0.36328623085927425,0.32511878472007083,0.6748812152799292,1.2,0.21482255937297023,9427893.00162351
27698.756834564378,0.36346912561559597,0.32521896030375763,0.6747810396962424,1.2,0.21485359095589823,9436301.765586182
27709.635940851396,0.3636522657039136,0.32531927026131274,0.6746807297386872,1.2,0.2148846741167183,9444726.691273794
27720.533197476063,0.3638356521141367,0.3254197151349318,0.6745802848650682,1.2,0.2149158091356459,9453167.857304204
27731.44870325912,0.3640192858428496,0.3255202954704666,0.6744797045295334,1.2,0.21494699629502606,9461625.342892963
27742.38255777438,0.364203167893375,0.3256210118174597,0.6743789881825403,1.2,0.21497823587935538,9470099.227859484
27753.334861356754,0.3643872992758379,0.32572186472917924,0.6742781352708207,1.2,0.21500952817530503,9478589.592633393
27764.305715110262,0.36457168100723025,0.3258228547626547,0.6741771452373453,1.2,0.2150408734717436,9487096.518260866
27775.29522091621,0.36475631411147635,0.3259239824787125,0.6740760175212874,1.2,0.21507227205976062,9495620.086411117
27786.303481441457,0.36494119961949945,0.3260252484420125,0.6739747515579875,1.2,0.2151037242326899,9504160.379382947
27797.330600146775,0.36512633856928867,0.3261266532210849,0.6738733467789151,1.2,0.21513523028613366,9512717.480111355
27808.376681295358,0.3653117320059672,0.32622819738836717,0.6737718026116328,1.2,0.21516679051798676,9521291.472174296
27819.441829961423,0.365497380981861,0.32632988152024195,0.673670118479758,1.2,0.21519840522846123,9529882.439799465
27830.526152038943,0.36568328655656857,0.3264317061970752,0.6735682938029248,1.2,0.21523007472011127,9538490.467871241
27841.629754250476,0.3658694497970312,0.3265336720032549,0.6734663279967451,1.2,0.21526179929785852,9547115.641937654
27852.752744156092,0.36605587177760507,0.32663577952722994,0.6733642204727701,1.2,0.21529357926901743,9555758.048217487
27863.895230162532,0.3662425535801329,0.32673802936155016,0.6732619706384498,1.2,0.21532541494332152,9564417.773607468
27875.057321532342,0.36642949629401755,0.32684042210290604,0.673159577897094,1.2,0.21535730663294955,9573094.905689575
27886.23912839322,0.3666167010162963,0.3269429583521696,0.6730570416478304,1.2,0.21538925465255207,9581789.532738378
27897.4407617475,0.36680416885171535,0.32704563871443526,0.6729543612855647,1.2,0.21542125931927858,9590501.743728573
27908.662333481723,0.3669919009128068,0.327148463799062,0.672851536200938,1.2,0.21545332095280495,9599231.628342545
27919.903956376344,0.36717989831996495,0.32725143421971503,0.672748565780285,1.2,0.21548543987536098,9607979.276978064
27931.16574411562,0.3673681622015246,0.32735455059440866,0.6726454494055913,1.2,0.21551761641175893,9616744.780756103
27942.44781129758,0.3675566936938399,0.3274578135455499,0.6725421864544501,1.2,0.21554985088942166,9625528.231528716
27953.750273444148,0.3677454939413647,0.3275612236999818,0.6724387763000181,1.2,0.21558214363841186,9634329.721887067
27965.073247011438,0.3679345640967333,0.3276647816890282,0.6723352183109719,1.2,0.21561449499146126,9643149.345169578
27976.416849400157,0.3681239053208426,0.3277684881485385,0.6722315118514615,1.2,0.21564690528400046,9651987.195470128
27987.781198966175,0.3683135187829353,0.3278723437189333,0.6721276562810667,1.2,0.2156793748541891,9660843.367646454
27999.166415031228,0.3685034056606842,0.32797634904525064,0.6720236509547494,1.2,0.21571190404294638,9669717.957328586
28010.572617893773,0.36869356714027746,0.32808050477719236,0.6719194952228076,1.2,0.21574449319398223,9678611.060927462
28021.99992884003,0.36888400441650504,0.32818481156917206,0.6718151884308279,1.2,0.21577714265382866,9687522.775643632
28033.44847015512,0.36907471869284636,0.32828927008036246,0.6717107299196375,1.2,0.21580985277187179,9696453.199476087
28044.91836513442,0.36926571118155893,0.3283938809747444,0.6716061190252556,1.2,0.21584262390038408,9705402.431231242
28056.40973809507,0.3694569831037684,0.3284986449211559,0.6715013550788441,1.2,0.21587545639455735,9714370.570532
28067.92271438756,0.3696485356895594,0.3286035625933421,0.6713964374066579,1.2,0.2159083506125359,9723357.717826972
28079.45742040767,0.3698403701780682,0.32870863467000583,0.6712913653299941,1.2,0.2159413069154505,9732363.974399853
28091.01398360834,0.3700324878175759,0.32881386183485883,0.6711861381651412,1.2,0.21597432566745242,9741389.442378871
28102.59253251193,0.3702248898656032,0.3289192447766736,0.6710807552233264,1.2,0.2160074072357484,9750434.224746414
28114.193196722536,0.3704175775890069,0.3290247841893361,0.6709752158106639,1.2,0.21604055199063582,9759498.425348818
28125.816106938484,0.37061055226407646,0.32913048077189894,0.6708695192281011,1.2,0.21607376030553854,9768582.148906216
28137.461394965103,0.37080381517663324,0.32923633522863543,0.6707636647713646,1.2,0.21610703255704317,9777685.501022628
28149.12919372754,0.3709973676221303,0.3293423482690945,0.6706576517309055,1.2,0.21614036912493584,9786808.588196114
28160.81963728391,0.3711912109057537,0.3294485206081559,0.6705514793918441,1.2,0.21617377039223976,9795951.517829143
28172.532860838524,0.37138534634252485,0.32955485296608655,0.6704451470339134,1.2,0.21620723674525294,9805114.398239048
28184.2690007554,0.3715797752574053,0.3296613460685978,0.6703386539314022,1.2,0.21624076857358687,9814297.33866871
28196.028194571874,0.3717744989854016,0.3297680006469029,0.6702319993530971,1.2,0.21627436627020535,9823500.4492973
28207.810581012527,0.3719695188716725,0.3298748174377756,0.6701251825622244,1.2,0.2163080302314644,9832723.841251304
28219.61630000326,0.37216483627163743,0.3299817971836096,0.6700182028163904,1.2,0.21634176085715218,9841967.626615603
28231.44549268553,0.3723604525510862,0.33008894063247896,0.669911059367521,1.2,0.2163755585505301,9851231.918444749
28243.298301430925,0.3725563690862907,0.3301962485381987,0.6698037514618014,1.2,0.21640942371837407,9860516.830774473
28255.174869855826,0.37275258726411753,0.330303721660387,0.669696278339613,1.2,0.21644335677101667,9869822.478633245
28267.075342836404,0.372949108482143,0.330411360764528,0.669588639235472,1.2,0.21647735812238975,9879148.97805413
28278.999866523754,0.37314593414876873,0.3305191666220349,0.6694808333779652,1.2,0.21651142819006788,9888496.446086744
28290.94858835927,0.37334306568333986,0.33062714001031507,0.6693728599896849,1.2,0.21654556739531222,9897865.000809383
28302.92165709035,0.3735405045162642,0.3307352817128352,0.6692647182871647,1.2,0.2165797761631153,9907254.761341425
28314.919222786237,0.3737382520891333,0.33084359251918755,0.6691564074808125,1.2,0.2166140549222464,9916665.847855823
28326.941436854067,0.3739363098548456,0.33095207322515724,0.6690479267748428,1.2,0.21664840410529734,9926098.381591817
28338.988452055368,0.3741346792777306,0.3310607246327906,0.6689392753672094,1.2,0.21668282414872964,9935552.48486789
28351.06042252256,0.37433336183367527,0.3311695475504643,0.6688304524495357,1.2,0.21671731549292161,9945028.281094844
28363.15750377588,0.3745323590102523,0.3312785427929553,0.6687214572070447,1.2,0.2167518785822168,9954525.89478913
28375.279852740496,0.3747316723068498,0.3313877111815125,0.6686122888184876,1.2,0.21678651386497286,9964045.451586366
28387.427627763922,0.3749313032348033,0.3314970535439284,0.6685029464560717,1.2,0.2168212217936112,9973587.078255072
28399.60098863369,0.37513125331752956,0.3316065707146126,0.6683934292853875,1.2,0.21685600282466772,9983150.902710618
28411.800096595303,0.3753315240906619,0.33171626353466616,0.6682837364653338,1.2,0.21689085741884373,9992737.054029368
28424.025114370434,0.3755321171021879,0.33182613285195683,0.6681738671480432,1.2,0.2169257860410584,10002345.662463076
28436.27620617548,0.37573303391258916,0.3319361795211956,0.6680638204788044,1.2,0.21696078916050138,10011976.859453483
28448.55353774037,0.37593427609498276,0.3320464044040141,0.6679535955959859,1.2,0.21699586725068679,10021630.777647166
28460.857276327653,0.37613584523526505,0.3321568083690437,0.6678431916309563,1.2,0.2170310207895076,10031307.550910598
28473.187590751957,0.3763377429322574,0.3322673922919947,0.6677326077080052,1.2,0.21706625025929133,10041007.31434548
28485.544651399665,0.3765399707978542,0.3323781570557382,0.6676218429442617,1.2,0.2171015561468562,10050730.20430427
28497.92863024893,0.3767425304571729,0.33248910355038763,0.6675108964496124,1.2,0.2171369389435684,10060476.358405974
28510.33970089017,0.37694542354870664,0.3326002326733826,0.6673997673266174,1.2,0.21717239914540049,10070245.915552258
28522.778038546618,0.37714865172447865,0.3327115453295736,0.6672884546704264,1.2,0.21720793725299034,10080039.015943699
28535.243820095406,0.37735221665019913,0.33282304243130756,0.6671769575686924,1.2,0.21724355377170118,10089855.801096383
28547.737224088913,0.37755612000542477,0.3329347248985156,0.6670652751014844,1.2,0.21727924921168262,10099696.413858745
28560.25843077652,0.3777603634837203,0.3330465936588014,0.6669534063411986,1.2,0.21731502408793293,10109560.998428693
28572.807622126682,0.3779649487928225,0.33315864964753084,0.6668413503524692,1.2,0.21735087892036195,10119449.700371007
28585.384981849245,0.37816987765480703,0.33327089380792363,0.6667291061920764,1.2,0.217386814233855,10129362.666634964
28597.990695418423,0.37837515180625747,0.33338332709114576,0.6666166729088543,1.2,0.21742283055833836,10139300.045572387
28610.62495009586,0.3785807729984367,0.3334959504564034,0.6665040495435965,1.2,0.21745892842884532,10149261.98695585
28623.28793495422,0.3787867429974616,0.33360876487103874,0.6663912351289613,1.2,0.2174951083855835,10159248.641997257
28635.979840901135,0.37899306358448015,0.33372177131062647,0.6662782286893736,1.2,0.21753137097400327,10169260.163366709
28648.70086070359,0.37919973655585054,0.33383497075907265,0.6661650292409274,1.2,0.2175677167448674,10179296.705211692
28661.451189012652,0.3794067637233242,0.3339483642087144,0.6660516357912856,1.2,0.21760414625432187,10189358.423176583
28674.23102238863,0.3796141469142308,0.3340619526604213,0.6659380473395786,1.2,0.21764066006396754,10199445.474422462
28687.04055932676,0.3798218879716666,0.33417573712369886,0.6658242628763011,1.2,0.2176772587409336,10209558.017647311
28699.88000028317,0.38002998875468547,0.3342897186167928,0.6657102813832072,1.2,0.21771394285795193,10219696.213106483
28712.74954770133,0.3802384511384929,0.33440389816679544,0.6655961018332046,1.2,0.21775071299343238,10229860.222633533
28725.649406039047,0.3804472770146435,0.3345182768097539,0.6654817231902461,1.2,0.21778756973154015,10240050.209661465
28738.579781795874,0.38065646829124067,0.3346328555907795,0.6653671444092205,1.2,0.21782451366227393,10250266.33924428
28751.540883540853,0.38086602689314064,0.3347476355641593,0.6652523644358407,1.2,0.21786154538154529,10260508.778078876
28764.53292194094,0.38107595476215866,0.3348626177934695,0.6651373822065305,1.2,0.21789866549125983,10270777.694527375
28777.556109789868,0.3812862538572791,0.33497780335168986,0.6650221966483101,1.2,0.21793587459939964,10281073.258639833
28790.610662037354,0.38149692615486874,0.33509319332132115,0.6649068066786789,1.2,0.21797317332010674,10291395.642177267
28803.696795819058,0.3817079736488935,0.33520878879450344,0.6647912112054966,1.2,0.21801056227376875,10301745.01863519
28816.81473048686,0.3819193983511384,0.3353245908731368,0.6646754091268632,1.2,0.21804804208710532,10312121.563267458
28829.964687639793,0.3821312022914318,0.33544060066900394,0.6645593993309961,1.2,0.21808561339325655,10322525.453110596
28843.146891155455,0.38234338751787206,0.33555681930389464,0.6644431806961053,1.2,0.21812327683187274,10332956.867008517
28856.361567222008,0.3825559560970593,0.3356732479097323,0.6643267520902677,1.2,0.21816103304920575,10343415.985637687
28869.608944370757,0.38276891011432973,0.33578988762870265,0.6642101123712973,1.2,0.21819888269820217,10353902.991532752
28882.889253509253,0.3829822516739946,0.33590673961338446,0.6640932603866155,1.2,0.21823682643859788,10364418.069112565
28896.20272795498,0.3831959828995826,0.3360238050268822,0.6639761949731178,1.2,0.21827486493701423,10374961.40470672
28909.54960346984,0.38341010593408686,0.3361410850429617,0.6638589149570383,1.2,0.2183129988670567,10385533.186582591
28922.930118294902,0.38362462294021515,0.33625858084618665,0.6637414191538134,1.2,0.21835122890941402,10396133.604972737
28936.344513186104,0.38383953610064503,0.3363762936320588,0.6636237063679412,1.2,0.2183895557519603,10406762.852102928
28949.793031450456,0.38405484761828296,0.3364942246071597,0.6635057753928403,1.2,0.21842798008985845,10417421.122220613
28963.275918982927,0.38427055971652746,0.336612374989295,0.6633876250107049,1.2,0.21846650262566553,10428108.611623904
28976.793424303974,0.38448667463953745,0.3367307460076411,0.6632692539923589,1.2,0.21850512406943995,10438825.51869111
28990.34579859778,0.38470319465250424,0.3368493389028943,0.6631506610971056,1.2,0.2185438451388508,10449572.043910751
29003.933295751238,0.3849201220419287,0.3369681549274228,0.6630318450725772,1.2,0.21858266655928926,10460348.389912227
29017.556172393608,0.38513745911590314,0.33708719534542075,0.6629128046545792,1.2,0.21862158906398174,10471154.761496946
29031.21468793686,0.3853552082043974,0.33720646143306526,0.6627935385669348,1.2,0.21866061339410534,10481991.365670074
29044.90910461695,0.3855733716595507,0.33732595447867597,0.662674045521324,1.2,0.21869974029890557,10492858.411672886
29058.63968753559,0.3857919518559678,0.3374456757828776,0.6625543242171223,1.2,0.21873897053581598,10503756.111015674
29072.40670470305,0.3860109511910209,0.3375656266587648,0.6624343733412352,1.2,0.21877830487058017,10514684.677511306
29086.21042708169,0.3862303720851559,0.33768580843207047,0.6623141915679296,1.2,0.21881774407737625,10525644.327309411
29100.051128630148,0.38645021698220505,0.3378062224413367,0.6621937775586633,1.2,0.2188572889389433,10536635.278931148
29113.929086348675,0.3866704883497041,0.3379268700380884,0.6620731299619116,1.2,0.2188969402467105,10547657.75330475
29127.84458032511,0.38689118867921557,0.3380477525870107,0.6619522474129893,1.2,0.2189366988009289,10558711.973801637
29141.797893781746,0.3871123204866579,0.33816887146612873,0.6618311285338713,1.2,0.218976565410805,10569798.166273234
29155.789313123198,0.38733388631263926,0.338290228066991,0.661709771933009,1.2,0.2190165408946377,10580916.55908853
29169.81912798511,0.3875558887227991,0.33841182379485607,0.6615881762051439,1.2,0.21905662607995746,10592067.383172331
29183.887631283862,0.387778330308154,0.33853366006888214,0.6614663399311178,1.2,0.21909682180366818,10603250.872044265
29197.99511926713,0.38800121368545093,0.33865573832232054,0.6613442616776795,1.2,0.2191371289121918,10614467.261858484
29212.141891565578,0.38822454149752605,0.3387780600027124,0.6612219399972876,1.2,0.21917754826161595,10625716.791444216
29226.328251245548,0.3884483164136707,0.3389006265720887,0.6610993734279114,1.2,0.21921808071784443,10636999.702347113
29240.554504862597,0.38867254113000343,0.3390234395071743,0.6609765604928257,1.2,0.2192587271567503,10648316.238871269
29254.820962516347,0.388897218369849,0.3391465002995957,0.6608534997004043,1.2,0.21929948846433242,10659666.648122257
29269.12793790618,0.3891223508841242,0.3392698104560921,0.6607301895439079,1.2,0.2193403655368748,10671051.180050831
29283.47574838833,0.3893479414517311,0.33939337149873083,0.6606066285012692,1.2,0.21938135928110952,10682470.087497676
29297.8647150338,0.3895739928799571,0.33951718496512645,0.6604828150348736,1.2,0.2194224706143823,10693923.626238873
29312.29516268763,0.3898005080048823,0.33964125240866405,0.660358747591336,1.2,0.2194637004648218,10705412.05503239
29326.76742002939,0.390027489691795,0.3397655753987267,0.6602344246012732,1.2,0.21950504977151256,10716935.63566547
29341.281819634678,0.39025494083561435,0.33989015552092694,0.6601098444790731,1.2,0.21954651948467052,10728494.633002931
29355.838698038133,0.3904828643613213,0.3400149943773427,0.6599850056226573,1.2,0.21958811056582325,10740089.315036524
29370.43839579761,0.3907112632243972,0.34014009358675795,0.659859906413242,1.2,0.2196298239879932,10751719.952935241
29385.081257559585,0.3909401404112712,0.34026545478490716,0.6597345452150929,1.2,0.21967166073588454,10763386.821096636
29399.767632126055,0.39116949893977565,0.34039107962472526,0.6596089203752747,1.2,0.21971362180607446,10775090.19719922
29414.497872522785,0.3913993418596105,0.3405169697766016,0.6594830302233984,1.2,0.21975570820720797,10786830.362255976
29429.27233606884,0.3916296722528164,0.3406431269286395,0.6593568730713605,1.2,0.2197979209601967,10798607.600668857
29444.091384447784,0.39186049323425676,0.3407695527869199,0.6592304472130801,1.2,0.21984026109842225,10810422.200284563
29458.955383780132,0.39209180795210924,0.34089624907577065,0.6591037509242293,1.2,0.21988272966794326,10822274.45245134
29473.864704697608,0.3923236195883669,0.34102321753804116,0.6589767824619588,1.2,0.21992532772770745,10834164.65207712
29488.819722418662,0.3925559313593488,0.3411504599353819,0.6588495400646182,1.2,0.21996805634976763,10846093.09768873
29503.820816825704,0.39278874651622053,0.34127797804852966,0.6587220219514703,1.2,0.220010916619502,10858060.091492375
29518.868372544137,0.3930220683455253,0.3414057736775983,0.6585942263224017,1.2,0.2200539096358404,10870065.93943555
29533.962779022993,0.393255900169725,0.341533848642375,0.658466151357625,1.2,0.2200970365114943,10882110.951270144
29549.104430617022,0.3934902453477525,0.3416622047826232,0.6583377952173768,1.2,0.2201402983731915,10894195.44061682
29564.293726671007,0.39372510727557425,0.3417908439583903,0.6582091560416097,1.2,0.22018369636191717,10906319.725030962
29579.531071605594,0.39396048938676465,0.34191976805032254,0.6580802319496775,1.2,0.22022723163315885,10918484.126069915
29594.8168750051,0.3941963951530918,0.34204897895998543,0.6579510210400146,1.2,0.22027090535715743,10930688.969361715
29610.15155170719,0.3944328280851147,0.34217847861019146,0.6578215213898085,1.2,0.22031471871916342,10942934.584675323
29625.5355218947,0.39466979173279304,0.3423082689453336,0.6576917310546664,1.2,0.22035867291969916,10955221.305992432
29640.9692111891,0.3949072896861089,0.342438351931726,0.657561648068274,1.2,0.220402769174826,10967549.471580707
29656.453050746557,0.39514532557570126,0.3425687295579516,0.6574312704420484,1.2,0.22044700871641876,10979919.42406887
29671.98747735557,0.3953839030735139,0.3426994038352167,0.6573005961647833,1.2,0.2204913927924445,10992331.510523202
29687.572933537223,0.3956230258934559,0.34283037679771317,0.6571696232022868,1.2,0.22053592266724922,11004786.082525916
29703.209867647616,0.3958626977920763,0.34296165050298766,0.6570383494970123,1.2,0.22058059962185034,11017283.496255303
29718.898733982285,0.3961029225692528,0.34309322703231887,0.6569067729676812,1.2,0.22062542495423512,11029824.112567466
29734.639992883425,0.39634370406889446,0.34322510849110255,0.6567748915088975,1.2,0.22067039997966695,11042408.297080137
29750.43411084931,0.39658504617965945,0.34335729700924444,0.6566427029907556,1.2,0.22071552603099803,11055036.420258293
29766.281560646225,0.3968269528356877,0.34348979474156177,0.6565102052584382,1.2,0.2207608044589892,11067708.857501699
29782.18282142315,0.3970694280173492,0.34362260386819293,0.6563773961318071,1.2,0.22080623663263757,11080425.98923455
29798.138378828764,0.3973124757520082,0.3437557265950162,0.6562442734049838,1.2,0.22085182393951078,11093188.200997006
29814.148725131523,0.3975561001148036,0.343889165154077,0.656110834845923,1.2,0.22089756778609007,11105995.883539045
29830.214359342237,0.397800305229446,0.34402292180402483,0.6559770781959752,1.2,0.2209434695981207,11118849.432916313
29846.335787339907,0.39804509526903253,0.34415699883055895,0.655843001169441,1.2,0.22098953082097117,11131749.250588436
29862.513521999943,0.39829047445687843,0.34429139854688445,0.6557086014531155,1.2,0.22103575291999983,11144695.743519317
29878.748083325925,0.39853644706736735,0.34442612329417766,0.6555738767058223,1.2,0.22108213738093122,11157689.32428006
29895.03999858451,0.39878301742682015,0.3445611754420621,0.6554388245579379,1.2,0.22112868571024147,11170730.411154361
29911.38980244296,0.39903018991438266,0.34469655738909477,0.6553034426109052,1.2,0.22117539943555134,11183819.428246055
29927.798037110704,0.399277968962933,0.34483227156326296,0.655167728436737,1.2,0.2212222801060306,11196956.805589654
29944.265252483943,0.3995263590600095,0.34496832042249265,0.6550316795775073,1.2,0.2212693292928113,11210142.979263326
29960.792006293854,0.39977536474875863,0.34510470645516766,0.6548952935448323,1.2,0.22131654858941102,11223378.391504645
29977.378864258153,0.4000249906289045,0.34524143218066067,0.6547585678193393,1.2,0.22136393961216616,11236663.490829038
29994.026400236824,0.4002752413577407,0.3453785001498763,0.6546214998501236,1.2,0.22141150400067666,11249998.732151348
30010.735196391473,0.40052612165114343,0.3455159129458065,0.6544840870541935,1.2,0.22145924341826137,11263384.576910248
30027.505843348452,0.40077763628460883,0.3456536731840982,0.6543463268159018,1.2,0.22150715955242417,11276821.493195666
30044.338940366277,0.40102979009431367,0.3457917835136344,0.6542082164863656,1.2,0.22155525411533222,11290309.955879483
30061.235095507007,0.4012825879781998,0.34593024661712835,0.6540697533828717,1.2,0.22160352884430573,11303850.446749333
30078.194925812342,0.4015360348970848,0.34606906521173186,0.6539309347882681,1.2,0.221651985502321,11317443.454646
30095.219057483722,0.40179013587579737,0.3462082420496569,0.6537917579503432,1.2,0.22170062587852493,11331089.475604042
30112.30812606719,0.40204489600433985,0.3463477799188125,0.6536522200811875,1.2,0.2217494517887634,11344789.01299604
30129.4627766429,0.402300320439078,0.3464876816434566,0.6535123183565434,1.2,0.22179846507612258,11358542.577680502
30146.683664019725,0.4025564144039584,0.3466279500848625,0.6533720499151374,1.2,0.22184766761148494,11372350.688153662
30163.97145293448,0.4028131831917552,0.34676858814200207,0.6532314118579979,1.2,0.22189706129409853,11386213.870704962
30181.32681825685,0.4030706321653464,0.34690959875224453,0.6530904012477554,1.2,0.22194664805216244,11400132.659576828
30198.750445199003,0.40332876675902063,0.34705098489207237,0.6529490151079276,1.2,0.22199642984342574,11414107.597128285
30216.243029531135,0.40358759247981574,0.3471927495778144,0.6528072504221856,1.2,0.22204640865580325,11428139.23400301
30233.805277802967,0.40384711490888936,0.34733489586639654,0.6526651041336035,1.2,0.22209658650800848,11442228.129301991
30251.437907570064,0.4041073397029232,0.347477426856111,0.6525225731438891,1.2,0.22214696545020018,11456374.850760186
30269.141647627643,0.4043682725955616,0.3476203456874041,0.6523796543125959,1.2,0.2221975475646504,11470579.974928599
30286.91723824927,0.40462991939888554,0.34776365554368377,0.6522363444563162,1.2,0.2222483349664265,11484844.087360527
30304.765431432705,0.4048922860049233,0.3479073596521467,0.6520926403478533,1.2,0.22229932980409345,11499167.782803204
30322.686991152692,0.4051553783871981,0.3480514612846264,0.6519485387153736,1.2,0.22235053426043627,11513551.665394668
30340.682693619783,0.4054192026023157,0.3481959637584624,0.6518040362415376,1.2,0.2224019505531994,11527996.348865647
30358.753327546772,0.4056837647915903,0.34834087043739104,0.651659129562609,1.2,0.22245358093584794,11542502.456747139
30376.89969442254,0.4059490711827134,0.34848618473245946,0.6515138152675406,1.2,0.22250542769835013,11557070.62258375
30395.1226087932,0.40621512809146376,0.34863191010296213,0.6513680898970379,1.2,0.2225574931679806,11571701.490152778
30413.422898551587,0.40648194192346165,0.34877805005740176,0.6512219499425982,1.2,0.2226097797101474,11586395.713689636
30431.801405233746,0.4067495191759686,0.34892460815447507,0.651075391845525,1.2,0.2226622897292393,11601153.958118984
30450.25898432538,0.40701786643973326,0.3490715880040838,0.6509284119959162,1.2,0.2227150256695011,11615976.89929318
30468.796505575523,0.4072869904008853,0.3492189932683719,0.6507810067316281,1.2,0.2227679900159301,11630865.22423673
30487.414853319922,0.4075568978428797,0.34936682766279076,0.6506331723372092,1.2,0.2228211852951998,11645819.631398035
30506.114926813745,0.40782759564849125,0.34951509495719135,0.6504849050428086,1.2,0.22287461407661072,11660840.83090841
30524.8976405733,0.4080990908018627,0.3496637989769462,0.6503362010230538,1.2,0.22292827897306658,11675929.544848174
30543.763924728453,0.4083713903906071,0.3498129436041009,0.6501870563958991,1.2,0.2229821826420813,11691086.50752092
30562.714725384525,0.40864450160796684,0.34996253277855655,0.6500374672214435,1.2,0.22303632778681293,11706312.465735262
30581.75100499548,0.4089184317550306,0.35011257049928407,0.649887429500716,1.2,0.22309071715712997,11721608.179095225
30600.873742748125,0.4091931882430109,0.35026306082557174,0.6497369391744283,1.2,0.22314535355070894,11736974.420299154
30620.083934956823,0.40946877859558334,0.35041400787830645,0.6495859921216935,1.2,0.22320023981416237,11752411.975446993
30639.382595471077,0.409745210451291,0.35056541584129053,0.6494345841587095,1.2,0.2232553788442031,11767921.6443573
30658.770756095284,0.41002249156601406,0.3507172889625946,0.6492827110374054,1.2,0.2233107735888437,11783504.24089369
30678.249467020094,0.4103006298155095,0.35086963155594825,0.6491303684440517,1.2,0.22336642704862886,11799160.593300575
30697.81979726874,0.4105796331980208,0.3510224480021699,0.64897755199783,1.2,0.2234223422779107,11814891.544550026
30717.48283515522,0.41085950983696157,0.3511757427506365,0.6488242572493634,1.2,0.22347852238615779,11830697.95269828
30737.2396887578,0.41114026798367553,0.3513295203207951,0.6486704796792049,1.2,0.22353497053930801,11846580.69125384
30757.09148640674,0.41142191602027484,0.35148378530371754,0.6485162146962824,1.2,0.22359168996116213,11862540.649556706
30777.039377187743,0.41170446246255993,0.35163854236369996,0.6483614576363,1.2,0.22364868393482212,11878578.733169643
30797.08453145994,0.4119879159630239,0.35179379623990786,0.6482062037600922,1.2,0.22370595580417127,11894695.864281056
30817.22814139262,0.41227228531394433,0.3519495517480701,0.6480504482519299,1.2,0.2237635089754075,11910892.982121807
30837.47142151638,0.41255757945056515,0.3521058137822213,0.6478941862177787,1.2,0.22382134691861824,11927171.043393824
30857.81560929385,0.41284380745437266,0.3522625873164963,0.6477374126835037,1.2,0.223879473169411,11943531.02271345
30878.26196570839,0.41313097855646863,0.3524198774069779,0.6475801225930221,1.2,0.2239378913305954,11959973.913068771
30898.81177587135,0.41341910214104405,0.3525776891935991,0.6474223108064009,1.2,0.22399660507391814,11976500.726291489
30919.466349649563,0.41370818774895723,0.35273602790210323,0.6472639720978968,1.2,0.2240556181418559,11993112.493544351
30940.22702231414,0.41399824508142025,0.352894898846063,0.647105101153937,1.2,0.22411493434946897,12009810.265824916
30961.09515520997,0.4142892840037974,0.35305430742896093,0.6469456925710391,1.2,0.22417455758631422,12026595.114485545
30982.072136447132,0.4145813145495205,0.3532142591463341,0.6467857408536659,1.2,0.2242344918184204,12043468.131770454
31003.15938161724,0.41487434692412517,0.3533747595879843,0.6466252404120156,1.2,0.22429474109033498,12060430.431371655
31024.358334532662,0.4151683915094117,0.35353581444025806,0.6464641855597419,1.2,0.2243553095272362,12077483.149002919
31045.670467991127,0.41546345886773756,0.35369742948839655,0.6463025705116034,1.2,0.2244162013371175,12094627.44299335
31067.09728456696,0.41575955974644396,0.35385961061896115,0.6461403893810389,1.2,0.22447742081304847,12111864.49490144
31088.64031742952,0.4160567050824237,0.3540223638223347,0.6459776361776652,1.2,0.22453897233551293,12129195.510150224
31110.301131190157,0.4163549060068348,0.3541856951953036,0.6458143048046965,1.2,0.22460086037482904,12146621.718684508
31132.081322778533,0.41665417384996606,0.35434961094372247,0.6456503890562775,1.2,0.22466308949365296,12164144.375650799
31153.982522351005,0.41695452014626,0.3545141173852658,0.6454858826147343,1.2,0.2247256643495743,12181764.762101894
31176.00639422922,0.41725595663950077,0.354679220952269,0.645320779047731,1.2,0.2247885896977978,12199484.185725193
31198.154637875166,0.41755849528817157,0.3548449281946631,0.6451550718053369,1.2,0.22485187039392907,12217303.981598642
31220.428988898893,0.41786214827099094,0.355011245783007,0.644988754216993,1.2,0.224915511396854,12235225.51297245
31242.83122010397,0.41816692799263294,0.3551781805116205,0.6448218194883795,1.2,0.22497951777172565,12253250.172079764
31265.36314257241,0.4184728470896403,0.35534573930182306,0.6446542606981769,1.2,0.22504389469306404,12271379.38097758
31288.02660678703,0.41877991843653806,0.35551392920528246,0.6444860707947175,1.2,0.22510864744796294,12289614.592417149
31310.823503797943,0.41908815515215553,0.35568275740747746,0.6443172425925225,1.2,0.2251737814394227,12307957.290747983
31333.755766431692,0.41939757060616656,0.35585223123128,0.64414776876872,1.2,0.22523930218980484,12326408.992855035
31356.82537054606,0.41970817842585617,0.35602235814066147,0.6439776418593386,1.2,0.22530521534441733,12344971.249131195
31380.034336333352,0.42001999250312366,0.35619314574452854,0.6438068542554715,1.2,0.22537152667523816,12363645.644487012
31403.384729673395,0.42033302700173275,0.35636460180069407,0.6436353981993059,1.2,0.22543824208478114,12382433.799398977
31426.878663537485,0.42064729636481885,0.3565367342199891,0.6434632657800109,1.2,0.22550536761010712,12401337.370997362
31450.518299450014,0.4209628153226651,0.35670955107052205,0.643290448929478,1.2,0.22557290942700003,12420358.054198023
31474.305849005483,0.421279598900759,0.35688306058209124,0.6431169394179088,1.2,0.22564087385430137,12439497.582877409
31498.243575444194,0.4215976624281416,0.35705727115075836,0.6429427288492416,1.2,0.22570926735841199,12458757.731093146
31522.333795296454,0.4219170215460637,0.35723219134358924,0.6427678086564108,1.2,0.2257780965579899,12478140.314356364
31546.57888008551,0.4222376922169607,0.35740782990356984,0.6425921700964301,1.2,0.22584736822881576,12497647.19095093
31570.981258106032,0.42255969073376337,0.35758419575470585,0.6424158042452941,1.2,0.22591708930887439,12517280.26330964
31595.543416272194,0.42288303372955716,0.35776129800731343,0.6422387019926865,1.2,0.22598726690363485,12537041.47944482
31620.267902041796,0.4232077381876086,0.3579391459635107,0.6420608540364894,1.2,0.226057908291548,12556932.83443764
31645.15732542363,0.4235338214517744,0.3581177491229192,0.6418822508770807,1.2,0.2261290209297818,12576956.371991012
31670.21436106485,0.42386130123731186,0.35829711718858503,0.641702882811415,1.2,0.2262006124601853,12597114.18604517
31695.441750431142,0.42419019564210964,0.35847726007313,0.6415227399268699,1.2,0.22627269071551756,12617408.42246382
31720.842304076803,0.42452052315835875,0.3586581879051443,0.6413418120948557,1.2,0.22634526372593372,12637841.280790435
31746.418904013695,0.4248523026846856,0.3588399110358319,0.6411600889641681,1.2,0.22641833972575343,12658415.016080549
31772.174506186093,0.42518555353876936,0.35902244004592143,0.6409775599540786,1.2,0.2264919271605317,12679131.940815121
31798.11214304796,0.42552029547046666,0.3592057857528549,0.6407942142471451,1.2,0.22656603469442277,12699994.426894188
31824.234926260775,0.42585654867547074,0.35938995921826905,0.640610040781731,1.2,0.22664067121788795,12721004.907722149
31850.546049509394,0.42619433380953,0.35957497175578323,0.6404250282442168,1.2,0.22671584585574114,12742165.880384546
31877.0487914436,0.42653367200325487,0.3597608349391094,0.6402391650608906,1.2,0.22679156797555317,12763479.907922044
31903.746518756638,0.42687458487754354,0.3599475606105012,0.6400524393894989,1.2,0.22686784719644754,12784949.621709317
31930.642689402084,0.42721709455965756,0.360135160889559,0.639864839110441,1.2,0.22694469339829168,12806577.723941272
31957.740855962882,0.42756122369998184,0.3603236481824094,0.6396763518175905,1.2,0.22702211673132253,12828366.99023586
31985.04466917675,0.4279069954895045,0.36051303519128,0.63948696480872,1.2,0.22710012762621928,12850320.272357715
32012.55788162808,0.42825443367805527,0.3607033349244879,0.6392966650755121,1.2,0.22717873680465167,12872440.501070125
32040.284351617287,0.4286035625933421,0.3608945607068678,0.6391054392931321,1.2,0.22725795529033513,12894730.689123409
32068.228047217468,0.4289544071608304,0.36108672619065935,0.6389132738093406,1.2,0.22733779442062135,12917193.934387522
32096.39305052522,0.42930699292450974,0.3612798453668817,0.6387201546331183,1.2,0.2274182658586435,12939833.423134828
32124.783562125845,0.4296613460685978,0.3614739325772216,0.6385260674227784,1.2,0.22749938160607386,12962652.43348695
32153.40390577505,0.43001749344023316,0.36166900252646245,0.6383309974735376,1.2,0.22758115401650014,12985654.33902941
32182.258533321427,0.430375462573213,0.3618650702954861,0.6381349297045139,1.2,0.2276635958094898,13008842.612610523
32211.352029875434,0.4307352817128352,0.36206215135487924,0.6379378486451208,1.2,0.2277467200853584,13032220.830330687
32240.689119241273,0.43109697984190715,0.3622602615791794,0.6377397384208205,1.2,0.22783054034068936,13055792.675734451
32270.274669638613,0.43146058670799114,0.36245941726179737,0.6375405827382026,1.2,0.22791507048468176,13079561.9442241
32300.113699713394,0.4318261328519568,0.36265963513065635,0.6373403648693436,1.2,0.228000324856324,13103532.547697647
32330.21138487474,0.4321936496379189,0.3628609323645896,0.6371390676354104,1.2,0.22808631824249928,13127708.519436307
32360.57306397014,0.4325631692846444,0.3630633266105425,0.6369366733894575,1.2,0.22817306589705755,13152094.019252414
32391.204246316556,0.43293472489851564,0.36326683600162746,0.6367331639983725,1.2,0.22826058356090445,13176693.338912135
32422.110619124294,0.43330835050814814,0.3634714791760848,0.6365285208239152,1.2,0.22834888748321228,13201510.907858785
32453.29805532631,0.4336840811007623,0.3636772752972044,0.6363227247027956,1.2,0.22843799444378948,13226551.299249012
32484.772621847114,0.4340619526604213,0.3638842440742693,0.6361157559257307,1.2,0.22852792177670606,13251819.236326793
32516.5405883419,0.4344420022082525,0.36409240578458607,0.635907594215414,1.2,0.2286186873952626,13277319.599158656
32548.608436434482,0.43482426784477973,0.36430178129667107,0.6356982187033289,1.2,0.22871030981838425,13303057.431752695
32580.982869492174,0.4352087887945034,0.36451239209466807,0.635487607905332,1.2,0.2288028081985491,13329037.949590215
32613.670822972763,0.43559560545287684,0.36472426030407795,0.6352757396959221,1.2,0.22889620235135077,13355266.547597304
32646.67947539012,0.43598475943583626,0.3649374087188878,0.6350625912811122,1.2,0.22899051278682891,13381748.808591124
32680.01625993289,0.43637629363205876,0.3651518608301935,0.6348481391698064,1.2,0.2290857607426654,13408490.51222926
32713.688876796747,0.4367702522581321,0.3653676408564176,0.6346323591435824,1.2,0.22918196821941927,13435497.644506142
32747.70530627197,0.43716668091683764,0.36558477377523213,0.6344152262247679,1.2,0.22927915801791993,13462776.407830678
32782.073822652106,0.43756562665876475,0.3658032853573063,0.6341967146426937,1.2,0.22937735377900603,13490333.23173394
32816.80300902155,0.4379671380474914,0.36602320220200707,0.6339767977979929,1.2,0.22947658002577587,13518174.784252023
32851.90177298686,0.43837126522858644,0.3662445517751938,0.6337554482248062,1.2,0.2295768622085339,13546307.98403439
32887.37936343436,0.43877806000271236,0.3664673624492578,0.6335326375507422,1.2,0.2296782267526696,13574740.013239427
32923.24538838701,0.4391875759031287,0.36669166354557287,0.6333083364544272,1.2,0.2297807011096772,13603478.331274638
32959.509834056065,0.43959986827792524,0.3669174853795363,0.6330825146204637,1.2,0.22988431381158878,13632530.689453434
32996.183085177196,0.4400149943773427,0.36714485930839635,0.6328551406916036,1.2,0.22998909452907773,13661905.14663861
33033.27594673816,0.4404330134465704,0.36737381778207967,0.6326261822179203,1.2,0.2300950741335376,13691610.085954404
33070.79966723012,0.44085398682444676,0.3676043943972518,0.6323956056027482,1.2,0.23020228476351468,13721654.23266569
33108.76596351847,0.4412779780485297,0.36783662395486616,0.6321633760451338,1.2,0.23031075989576705,13752046.6733036
33147.18704751825,0.44170505296704343,0.36807054252148086,0.6319294574785191,1.2,0.23042053442148075,13782796.876171507
33186.075654780194,0.44213527985826373,0.36830618749464755,0.6316938125053524,1.2,0.23053164472794344,13813914.713321578
33225.445075210766,0.44256872955795157,0.3685435976727104,0.6314564023272896,1.2,0.2306441287863165,13845410.484163841
33265.30918606848,0.4430054755955105,0.3687828133293824,0.6312171866706175,1.2,0.23075802624590996,13877294.940825261
33305.68248748253,0.44344559433960784,0.36902387629350536,0.6309761237064946,1.2,0.2308733785356644,13909579.315441003
33346.58014070433,0.443889165154077,0.36926683003444105,0.630733169965559,1.2,0.23099022897344096,13942275.349543145
33388.01800936791,0.44433627056500175,0.36951171975358715,0.6304882802464129,1.2,0.23110862288390832,13975395.325755322
33430.012704025285,0.44478699643997854,0.3697585924825632,0.6302414075174367,1.2,0.23122860772578654,14008952.102000866
33472.58163030011,0.44524143218066065,0.3700074971886714,0.6299925028113287,1.2,0.2313502332294289,14042959.14848348
33515.74304100824,0.4456996709298053,0.3702584848883008,0.6297415151116992,1.2,0.23147355154573784,14077430.58770905
33559.51609262329,0.4461618097941834,0.37051160876902056,0.6294883912309794,1.2,0.23159861740749513,14112381.237842044
33603.920906585015,0.4466279500848625,0.3707669243211875,0.6292330756788125,1.2,0.23172548830452863,14147826.659768948
33648.97863588465,0.44709819757654584,0.3710244894799927,0.6289755105200072,1.2,0.23185422467395614,14183783.20821314
33694.711537562456,0.4475726627878506,0.3712843647789758,0.6287156352210241,1.2,0.23198489010732132,14220268.087375494
33741.14305168063,0.44805146128462636,0.3715466135161594,0.6284533864838406,1.2,0.23211755157623037,14257299.411544444
33788.29788754521,0.44853471400867456,0.37181130193409645,0.6281886980659035,1.2,0.23225227967870063,14294896.271258391
33836.202117955276,0.4490225476345162,0.3720784994152795,0.6279215005847205,1.2,0.23238914890844367,14333078.805622244
33884.8832823992,0.4495150949571914,0.3723482786945474,0.6276517213054527,1.2,0.232528237949712,14371868.281482313
33934.370500237485,0.4500124953144523,0.3726207160903304,0.6273792839096697,1.2,0.23266963000067853,14411287.180256667
33984.69459506172,0.45051489504715686,0.3728958917568172,0.6271041082431827,1.2,0.23281341312874781,14451359.293331964
34035.888270734795,0.45102244800216995,0.37317388995940626,0.6268261100405937,1.2,0.232959680773528,14492109.850693177
34087.98614720169,0.4515353160826732,0.3734547993761223,0.6265452006238776,1.2,0.2331085318491477,14533565.5672927
34141.02506712794,0.4520536698514616,0.37373871342805554,0.6262612865719445,1.2,0.23326007162036558,14575754.855283903
34195.04420216154,0.4525776891935991,0.37402573064231326,0.6259742693576867,1.2,0.23341441200617583,14618707.918414524
34250.08527666809,0.4531075640457319,0.3743159550514811,0.6256840449485189,1.2,0.2335716722190517,14662456.920544142
34306.19279686659,0.45364349520044267,0.37460949663418597,0.625390503365814,1.2,0.23373197941961885,14707036.161193805
34363.41430642523,0.45418569519530355,0.37490647180205044,0.6250935281979495,1.2,0.23389546944692924,14752482.271341154
34421.80067228514,0.45473438929779164,0.37520700393915324,0.6247929960608467,1.2,0.23406228763510042,14798834.432341734
34481.40640512377,0.4552898165990104,0.37551122400108494,0.6244887759989151,1.2,0.23423258972892508,14846134.62134906
34542.290019641,0.45585223123127994,0.37581927118185,0.62418072881815,1.2,0.23440654291326,14894427.887195582
34604.51444078198,0.4564219037271863,0.37613129365824816,0.6238687063417518,1.2,0.23458432697366283,14943762.661407935
34668.14746313794,0.45699912254071007,0.3764474494230315,0.6235525505769686,1.2,0.23476613560896553,14994191.10989096
34733.26227213717,0.4575841957547058,0.376767907220129,0.623232092779871,1.2,0.23495217792039194,15045769.53186294
34799.93803731626,0.4581774530034174,0.37709284759765177,0.6229071524023482,1.2,0.2351426801066179,15098558.813905738
34868.26059002302,0.45877924764408573,0.37742246409733154,0.6225775359026684,1.2,0.23533788740006578,15152624.948569065
34938.32320045245,0.459389959218269,0.3777569646026412,0.6222430353973588,1.2,0.23553806628700702,15208039.628915563
35010.22747208686,0.46000999625156175,0.3780965728722642,0.6219034271277357,1.2,0.23574350706310532,15264880.932815382
35084.08437557814,0.4606397994503794,0.3784415302910456,0.6215584697089545,1.2,0.23595452678736614,15323234.113829171
35160.01544910706,0.46127984536688177,0.37879209787735296,0.6212079021226471,1.2,0.23617147271173447,15383192.519335661
35238.15419859136,0.461930650618656,0.3791485585942926,0.6208514414057074,1.2,0.23639472628168962,15444858.661401102
35318.64773921319,0.4625927767693847,0.3795112200229608,0.6204887799770392,1.2,0.23662470782632344,15508345.472074458
35401.658730165254,0.4632668360016275,0.37988041746955475,0.6201195825304453,1.2,0.23686188208618644,15573777.782759218
35487.36766806187,0.4639534977447523,0.38025651759564,0.61974348240436,1.2,0.23710676476589107,15641294.077661758
35575.97562221367,0.4646534964622549,0.3806399226834409,0.6193600773165591,1.2,0.23735993034918193,15711048.584877964
35667.70751845606,0.46536764085641763,0.38103107567743966,0.6189689243225603,1.2,0.23762202148130304,15783213.786626782
35762.816109630214,0.4660968248189595,0.3814304661822948,0.6185695338177052,1.2,0.2378937603132292,15857983.454135694
35861.58681328134,0.46684204055038114,0.3818386376486022,0.6181613623513977,1.2,0.238175962323661,15935576.345128322
35964.34365525079,0.4676043943972517,0.3822561960473341,0.6177438039526659,1.2,0.23846955330071656,16016240.746266702
36071.45663840947,0.468385126129066,0.3826838204282088,0.6173161795717912,1.2,0.23877559039545565,16100260.104467403
36183.35096908893,0.4691856326142932,0.3831222758875969,0.616877724112403,1.2,0.23909528848311126,16187960.07760102
36300.51873561282,0.47000749718867135,0.3835724296541982,0.6164275703458018,1.2,0.23943005353032237,16279717.45877873
36423.53386847908,0.47085252648352166,0.38403527126074044,0.6159647287392596,1.2,0.23978152533851166,16375971.608167168
36553.07155986793,0.47172279716980386,0.38451193814675266,0.6154880618532473,1.2,0.2401516330281941,16477239.292400368
36689.933846361695,0.4726207160903303,0.38500374859433567,0.6149962514056644,1.2,0.240542668132462,16584134.23398884
36835.083872801624,0.4735490987882729,0.38551224473999635,0.6144877552600037,1.2,0.24095738249371895,16697393.295637442
36989.69264764619,0.47451127381725805,0.3860392497076397,0.6139607502923603,1.2,0.2413991218504177,16817912.212945558
37155.204213263896,0.47551122400108486,0.3865869449797031,0.613413055020297,1.2,0.24187201203789688,16946795.4056023
37333.428726722326,0.4765537820228658,0.3871579775257405,0.6128420224742595,1.2,0.24238122493349237,17085427.130881306
37526.67922185862,0.47764490829950534,0.38775561200054254,0.6122443879994575,1.2,0.24293336920531036,17235576.04715147
37737.979351265676,0.47879209787735305,0.3883839536100646,0.6116160463899354,1.2,0.2435370838607591,17399554.08351465
37971.39173072407,0.480004998125781,0.3890482864361322,0.6109517135638678,1.2,0.24420397637349736,17580467.61581657
38232.56256193913,0.4812963883846924,0.3897556100114804,0.6102443899885196,1.2,0.24495017874839753,17782634.253540874
38529.68086783608,0.4826838204282089,0.3905155378387199,0.60948446216128,1.2,0.2457990881938174,18012317.290837396
38875.302941296366,0.4841925630645331,0.39134191021410447,0.6086580897858955,1.2,0.24678657983227534,18279123.542048678
39290.196622265736,0.485861398584902,0.3922559690733764,0.6077440309266235,1.2,0.24797199034933068,18598951.302633554
39812.70089312411,0.4877556120005425,0.39329347248985164,0.6067065275101484,1.2,0.24946485969464033,19001176.460193835
40000.0,0.4900024990628905,0.3945241432180661,0.6054758567819338,1.2,0.25,19180664.752419617
40000.0,0.49293069929245104,0.39612798453668824,0.6038720154633117,1.2,0.25,19244175.097052768
